internal_ticker,token,token_type,prior_probability,word_count
AAPL,apple,conDim,0.200,1
AAPL,aapl,conDim,1.000,1
AAPL,apple inc.,conDim,1.000,2
AAPL,#aapl,conDim,1.000,1
AAPL,#iphone,conDim,1.000,1
AAPL,#appleiphone,conDim,1.000,1
AAPL,#macbook,conDim,1.000,1
AAPL,#macbookpro,conDim,1.000,1
AAPL,#airpods,conDim,1.000,1
AAPL,#applewatch,conDim,1.000,1
AAPL,#applemusic,conDim,1.000,1
AAPL,#applestore,conDim,1.000,1
AAPL,google,conDim,0.125,1
AAPL,market,conDim,0.036,1
AAPL,inc,conDim,0.083,1
AAPL,companies,conDim,0.059,1
AAPL,company,conDim,0.043,1
AAPL,stocks,conDim,0.045,1
AAPL,last,conDim,0.033,1
AAPL,week,conDim,0.030,1
AAPL,shares,conDim,0.059,1
AAPL,amazon,conDim,0.167,1
AAPL,report,conDim,0.111,1
AAPL,photo,conDim,0.050,1
AAPL,technology,conDim,0.111,1
AAPL,government,conDim,0.067,1
AAPL,file,conDim,0.053,1
AAPL,tech,conDim,0.143,1
AAPL,data,conDim,0.043,1
AAPL,group,conDim,0.056,1
AAPL,stock,conDim,0.048,1
AAPL,investors,conDim,0.053,1
AAPL,month,conDim,0.045,1
AAPL,business,conDim,0.067,1
AAPL,rose,conDim,0.083,1
AAPL,according,conDim,0.071,1
AAPL,points,conDim,0.071,1
AAPL,earnings,conDim,0.071,1
AAPL,trump,conDim,0.056,1
AAPL,time,conDim,0.031,1
AAPL,index,conDim,0.067,1
AAPL,president,conDim,0.053,1
AAPL,high,conDim,0.048,1
AAPL,markets,conDim,0.059,1
AAPL,people,conDim,0.038,1
AAPL,pandemic,conDim,0.045,1
AAPL,states,conDim,0.067,1
AAPL,china,conDim,0.167,1
AAPL,trading,conDim,0.053,1
AAPL,york,conDim,0.077,1
AAPL,first,conDim,0.037,1
AAPL,fell,conDim,0.100,1
AAPL,like,conDim,0.034,1
AAPL,including,conDim,0.100,1
AAPL,news,conDim,0.056,1
AAPL,years,conDim,0.050,1
AAPL,quarter,conDim,0.111,1
AAPL,corp,conDim,0.333,1
AAPL,day,conDim,0.032,1
AAPL,sales,conDim,0.143,1
AAPL,store,conDim,0.500,1
AAPL,growth,conDim,0.100,1
AAPL,department,conDim,0.250,1
AAPL,united,conDim,0.083,1
AAPL,search,conDim,0.250,1
AAPL,top,conDim,0.048,1
AAPL,users,conDim,0.250,1
AAPL,music,conDim,1.000,1
AAPL,deal,conDim,0.059,1
AAPL,house,conDim,0.091,1
AAPL,trade,conDim,0.062,1
AAPL,media,conDim,0.125,1
AAPL,take,conDim,0.062,1
AAPL,chief,conDim,0.067,1
AAPL,still,conDim,0.043,1
AAPL,world,conDim,0.038,1
AAPL,federal,conDim,0.500,1
AAPL,much,conDim,0.062,1
AAPL,chinese,conDim,0.200,1
AAPL,law,conDim,0.250,1
AAPL,street,conDim,0.167,1
AAPL,services,conDim,0.250,1
AAPL,demand,conDim,0.143,1
AAPL,court,conDim,0.167,1
AAPL,comment,conDim,0.200,1
AAPL,election,conDim,0.059,1
AAPL,national,conDim,0.167,1
AAPL,european,conDim,0.111,1
AAPL,industry,conDim,0.167,1
AAPL,investment,conDim,0.125,1
AAPL,security,conDim,0.250,1
AAPL,profit,conDim,0.200,1
AAPL,get,conDim,0.033,1
AAPL,state,conDim,0.083,1
AAPL,make,conDim,0.040,1
AAPL,revenue,conDim,0.167,1
AAPL,see,conDim,0.040,1
AAPL,long,conDim,0.048,1
AAPL,added,conDim,0.125,1
AAPL,justice,conDim,0.333,1
AMZN,amazon,conDim,0.167,1
AMZN,amzn,conDim,1.000,1
AMZN,amazon.com inc.,conDim,1.000,2
AMZN,#amzn,conDim,1.000,1
AMZN,premieres,conDim,1.000,1
AMZN,dream,conDim,1.000,1
AMZN,trailer,conDim,1.000,1
AMZN,common,conDim,1.000,1
AMZN,man,conDim,0.333,1
AMZN,company,conDim,0.043,1
AMZN,fly,conDim,1.000,1
AMZN,companies,conDim,0.059,1
AMZN,market,conDim,0.036,1
AMZN,last,conDim,0.033,1
AMZN,people,conDim,0.038,1
AMZN,like,conDim,0.034,1
AMZN,data,conDim,0.043,1
AMZN,time,conDim,0.031,1
AMZN,day,conDim,0.032,1
AMZN,first,conDim,0.037,1
AMZN,inc,conDim,0.083,1
AMZN,future,conDim,0.167,1
AMZN,google,conDim,0.125,1
AMZN,get,conDim,0.033,1
AMZN,deal,conDim,0.059,1
AMZN,reality,conDim,1.000,1
AMZN,world,conDim,0.038,1
AMZN,prime,conDim,0.250,1
AMZN,years,conDim,0.050,1
AMZN,apple,conDim,0.200,1
AMZN,president,conDim,0.053,1
AMZN,book,conDim,0.500,1
AMZN,according,conDim,0.071,1
AMZN,report,conDim,0.111,1
AMZN,business,conDim,0.067,1
AMZN,photo,conDim,0.050,1
AMZN,group,conDim,0.056,1
AMZN,pandemic,conDim,0.045,1
AMZN,file,conDim,0.053,1
AMZN,government,conDim,0.067,1
AMZN,goes,conDim,1.000,1
AMZN,top,conDim,0.048,1
AMZN,film,conDim,0.500,1
AMZN,including,conDim,0.100,1
AMZN,tech,conDim,0.143,1
AMZN,week,conDim,0.030,1
AMZN,take,conDim,0.062,1
AMZN,make,conDim,0.040,1
AMZN,stock,conDim,0.048,1
AMZN,technology,conDim,0.111,1
AMZN,much,conDim,0.062,1
AMZN,link,conDim,0.250,1
AMZN,best,conDim,0.111,1
AMZN,power,conDim,0.100,1
AMZN,sales,conDim,0.143,1
AMZN,services,conDim,0.250,1
AMZN,order,conDim,0.200,1
AMZN,says,conDim,0.100,1
AMZN,long,conDim,0.048,1
AMZN,see,conDim,0.040,1
AMZN,series,conDim,0.500,1
AMZN,even,conDim,0.059,1
AMZN,price,conDim,0.056,1
AMZN,led,conDim,0.500,1
AMZN,appliances,conDim,1.000,1
AMZN,story,conDim,0.500,1
AMZN,buy,conDim,0.077,1
AMZN,state,conDim,0.083,1
AMZN,amp,conDim,0.043,1
AMZN,free,conDim,0.200,1
AMZN,investors,conDim,0.053,1
AMZN,country,conDim,0.111,1
AMZN,health,conDim,0.250,1
AMZN,media,conDim,0.125,1
AMZN,home,conDim,0.125,1
AMZN,well,conDim,0.053,1
AMZN,shares,conDim,0.059,1
AMZN,help,conDim,0.083,1
AMZN,watch,conDim,0.167,1
AMZN,told,conDim,0.100,1
AMZN,month,conDim,0.045,1
AMZN,commerce,conDim,0.500,1
AMZN,vs,conDim,0.333,1
AMZN,trade,conDim,0.062,1
AMZN,comment,conDim,0.200,1
AMZN,back,conDim,0.043,1
AMZN,news,conDim,0.056,1
AMZN,still,conDim,0.043,1
AMZN,statement,conDim,0.333,1
AMZN,inspiring,conDim,1.000,1
AMZN,stocks,conDim,0.045,1
AMZN,work,conDim,0.067,1
AMZN,live,conDim,0.111,1
AMZN,court,conDim,0.167,1
AMZN,workers,conDim,0.333,1
AMZN,house,conDim,0.091,1
AMZN,part,conDim,0.143,1
AMZN,reliance,conDim,1.000,1
AMZN,executive,conDim,0.250,1
AMZN,states,conDim,0.067,1
BABA,alibaba,conDim,1.000,1
BABA,baba,conDim,0.500,1
BABA,alibaba group holding limited adr,conDim,1.000,5
BABA,#alibaba,conDim,1.000,1
BABA,#alibabagroup,conDim,1.000,1
BABA,camera,conDim,1.000,1
BABA,like,conDim,0.034,1
BABA,group,conDim,0.056,1
BABA,man,conDim,0.333,1
BABA,detect,conDim,1.000,1
BABA,chinese,conDim,0.200,1
BABA,national,conDim,0.167,1
BABA,rate,conDim,0.333,1
BABA,game,conDim,0.250,1
BABA,tv,conDim,0.500,1
BABA,embarrassing,conDim,1.000,1
BABA,blend,conDim,1.000,1
BABA,get,conDim,0.033,1
BABA,go,conDim,0.053,1
BABA,people,conDim,0.038,1
BABA,data,conDim,0.043,1
BABA,ipo,conDim,1.000,1
BABA,fit,conDim,1.000,1
BABA,electricity,conDim,1.000,1
BABA,market,conDim,0.036,1
BABA,use,conDim,0.111,1
BABA,china,conDim,0.167,1
BABA,even,conDim,0.059,1
BABA,playing,conDim,0.500,1
BABA,turn,conDim,1.000,1
BABA,investors,conDim,0.053,1
BABA,minister,conDim,0.250,1
BABA,form,conDim,1.000,1
BABA,make,conDim,0.040,1
BABA,company,conDim,0.043,1
BABA,matter,conDim,1.000,1
BABA,going,conDim,0.059,1
BABA,index,conDim,0.067,1
BABA,wear,conDim,1.000,1
BABA,detective,conDim,1.000,1
BABA,shares,conDim,0.059,1
BABA,listing,conDim,1.000,1
BABA,hold,conDim,1.000,1
BABA,world,conDim,0.038,1
BABA,companies,conDim,0.059,1
BABA,last,conDim,0.033,1
BABA,run,conDim,1.000,1
BABA,time,conDim,0.031,1
BABA,week,conDim,0.030,1
BABA,unit,conDim,1.000,1
BABA,went,conDim,0.333,1
BABA,stock,conDim,0.048,1
BABA,offering,conDim,1.000,1
BABA,say,conDim,0.100,1
BABA,handkerchief,conDim,1.000,1
BABA,search,conDim,0.250,1
BABA,buy,conDim,0.077,1
BABA,baby,conDim,1.000,1
BABA,end,conDim,0.143,1
BABA,photo,conDim,0.050,1
BABA,still,conDim,0.043,1
BABA,document,conDim,1.000,1
BABA,inside,conDim,0.500,1
BABA,business,conDim,0.067,1
BABA,first,conDim,0.037,1
BABA,day,conDim,0.032,1
BABA,amp,conDim,0.043,1
BABA,whole,conDim,0.333,1
BABA,base,conDim,1.000,1
BABA,back,conDim,0.043,1
BABA,giant,conDim,1.000,1
BABA,see,conDim,0.040,1
BABA,prints,conDim,1.000,1
BABA,shanghai,conDim,1.000,1
BABA,prime,conDim,0.250,1
BABA,file,conDim,0.053,1
BABA,good,conDim,0.056,1
BABA,commerce,conDim,0.500,1
BABA,list,conDim,0.500,1
BABA,credit,conDim,0.500,1
BABA,reading,conDim,0.500,1
BABA,media,conDim,0.125,1
BABA,long,conDim,0.048,1
BABA,years,conDim,0.050,1
BABA,rope,conDim,1.000,1
BABA,ant,conDim,1.000,1
BABA,public,conDim,0.200,1
BABA,invigilator,conDim,1.000,1
BABA,mans,conDim,1.000,1
BABA,tech,conDim,0.143,1
BABA,direct,conDim,1.000,1
BABA,firm,conDim,1.000,1
BABA,help,conDim,0.083,1
BABA,well,conDim,0.053,1
BABA,jack,conDim,1.000,1
BABA,government,conDim,0.067,1
BABA,bank,conDim,0.111,1
BABA,call,conDim,1.000,1
BABA,know,conDim,0.125,1
BABA,spot,conDim,0.500,1
BAC,bank of america,conDim,1.000,3
BAC,bac,conDim,1.000,1
BAC,bank of america corp.,conDim,1.000,4
BAC,#bac,conDim,1.000,1
BAC,#bofa,conDim,1.000,1
BAC,bank,conDim,0.111,1
BAC,data,conDim,0.043,1
BAC,banks,conDim,0.250,1
BAC,diversity,conDim,1.000,1
BAC,work,conDim,0.067,1
BAC,market,conDim,0.036,1
BAC,black,conDim,0.250,1
BAC,disclose,conDim,1.000,1
BAC,investors,conDim,0.053,1
BAC,take,conDim,0.062,1
BAC,pandemic,conDim,0.045,1
BAC,office,conDim,1.000,1
BAC,markets,conDim,0.059,1
BAC,targets,conDim,1.000,1
BAC,last,conDim,0.033,1
BAC,senior,conDim,1.000,1
BAC,group,conDim,0.056,1
BAC,business,conDim,0.067,1
BAC,information,conDim,1.000,1
BAC,branch,conDim,0.500,1
BAC,contact,conDim,1.000,1
BAC,workforce,conDim,0.500,1
BAC,minutes,conDim,0.333,1
BAC,investment,conDim,0.125,1
BAC,stocks,conDim,0.045,1
BAC,people,conDim,0.038,1
BAC,york,conDim,0.077,1
BAC,company,conDim,0.043,1
BAC,oil,conDim,0.111,1
BAC,companies,conDim,0.059,1
BAC,click,conDim,0.500,1
BAC,time,conDim,0.031,1
BAC,first,conDim,0.037,1
BAC,stock,conDim,0.048,1
BAC,report,conDim,0.111,1
BAC,trading,conDim,0.053,1
BAC,representation,conDim,1.000,1
BAC,photo,conDim,0.050,1
BAC,chief,conDim,0.067,1
BAC,quarter,conDim,0.111,1
BAC,like,conDim,0.034,1
BAC,credit,conDim,0.500,1
BAC,street,conDim,0.167,1
BAC,week,conDim,0.030,1
BAC,earnings,conDim,0.071,1
BAC,shares,conDim,0.059,1
BAC,increase,conDim,1.000,1
BAC,top,conDim,0.048,1
BAC,government,conDim,0.067,1
BAC,employees,conDim,0.500,1
BAC,file,conDim,0.053,1
BAC,trump,conDim,0.056,1
BAC,years,conDim,0.050,1
BAC,growth,conDim,0.100,1
BAC,president,conDim,0.053,1
BAC,according,conDim,0.071,1
BAC,months,conDim,0.143,1
BAC,minority,conDim,1.000,1
BAC,inc,conDim,0.083,1
BAC,pay,conDim,0.333,1
BAC,day,conDim,0.032,1
BAC,bond,conDim,0.250,1
BAC,account,conDim,1.000,1
BAC,spokesman,conDim,1.000,1
BAC,management,conDim,1.000,1
BAC,level,conDim,0.333,1
BAC,make,conDim,0.040,1
BAC,dollar,conDim,0.100,1
BAC,month,conDim,0.045,1
BAC,get,conDim,0.033,1
BAC,banking,conDim,1.000,1
BAC,economy,conDim,0.167,1
BAC,money,conDim,0.200,1
BAC,look,conDim,0.143,1
BAC,world,conDim,0.038,1
BAC,led,conDim,0.500,1
BAC,specific,conDim,1.000,1
BAC,analysts,conDim,0.167,1
BAC,end,conDim,0.143,1
BAC,wells,conDim,0.500,1
BAC,ethnic,conDim,1.000,1
BAC,race,conDim,1.000,1
BAC,united,conDim,0.083,1
BAC,head,conDim,1.000,1
BAC,part,conDim,0.143,1
BAC,much,conDim,0.062,1
BAC,revenue,conDim,0.167,1
BAC,deal,conDim,0.059,1
BAC,debt,conDim,1.000,1
BAC,interest,conDim,1.000,1
BAC,major,conDim,0.200,1
BAC,large,conDim,0.333,1
BAC,price,conDim,0.056,1
BAC,rate,conDim,0.333,1
BAC,still,conDim,0.043,1
COPPER,copper,conDim,1.000,1
COPPER,copper vs usd,conDim,1.000,3
COPPER,hg=f,conDim,1.000,1
COPPER,#copper,conDim,1.000,1
COPPER,gold,conDim,0.100,1
COPPER,prices,conDim,0.111,1
COPPER,world,conDim,0.038,1
COPPER,market,conDim,0.036,1
COPPER,silver,conDim,0.200,1
COPPER,oil,conDim,0.111,1
COPPER,tonne,conDim,1.000,1
COPPER,metals,conDim,1.000,1
COPPER,metal,conDim,1.000,1
COPPER,last,conDim,0.033,1
COPPER,president,conDim,0.053,1
COPPER,week,conDim,0.030,1
COPPER,china,conDim,0.167,1
COPPER,time,conDim,0.031,1
COPPER,nickel,conDim,1.000,1
COPPER,demand,conDim,0.143,1
COPPER,mining,conDim,1.000,1
COPPER,tonnes,conDim,1.000,1
COPPER,wire,conDim,1.000,1
COPPER,mine,conDim,1.000,1
COPPER,company,conDim,0.043,1
COPPER,month,conDim,0.045,1
COPPER,rose,conDim,0.083,1
COPPER,cobalt,conDim,1.000,1
COPPER,like,conDim,0.034,1
COPPER,markets,conDim,0.059,1
COPPER,people,conDim,0.038,1
COPPER,production,conDim,0.200,1
COPPER,peso,conDim,1.000,1
COPPER,mineral,conDim,1.000,1
COPPER,contract,conDim,0.500,1
COPPER,investors,conDim,0.053,1
COPPER,price,conDim,0.056,1
COPPER,stocks,conDim,0.045,1
COPPER,amp,conDim,0.043,1
COPPER,first,conDim,0.037,1
COPPER,high,conDim,0.048,1
COPPER,country,conDim,0.111,1
COPPER,congo,conDim,1.000,1
COPPER,uranium,conDim,1.000,1
COPPER,diamond,conDim,1.000,1
COPPER,futures,conDim,0.100,1
COPPER,exchange,conDim,0.200,1
COPPER,reserves,conDim,1.000,1
COPPER,day,conDim,0.032,1
COPPER,fell,conDim,0.100,1
COPPER,chinese,conDim,0.200,1
COPPER,rights,conDim,1.000,1
COPPER,vice,conDim,1.000,1
COPPER,petroleum,conDim,0.500,1
COPPER,top,conDim,0.048,1
COPPER,state,conDim,0.083,1
COPPER,dollar,conDim,0.100,1
COPPER,coltan,conDim,1.000,1
COPPER,nations,conDim,0.500,1
COPPER,timber,conDim,1.000,1
COPPER,low,conDim,0.125,1
COPPER,era,conDim,1.000,1
COPPER,better,conDim,0.250,1
COPPER,government,conDim,0.067,1
COPPER,long,conDim,0.048,1
COPPER,withdrew,conDim,1.000,1
COPPER,years,conDim,0.050,1
COPPER,data,conDim,0.043,1
COPPER,back,conDim,0.043,1
COPPER,energy,conDim,0.125,1
COPPER,tin,conDim,1.000,1
COPPER,earrings,conDim,0.500,1
COPPER,still,conDim,0.043,1
COPPER,recovery,conDim,0.167,1
COPPER,pandemic,conDim,0.045,1
COPPER,much,conDim,0.062,1
COPPER,bank,conDim,0.111,1
COPPER,real,conDim,1.000,1
COPPER,currencies,conDim,0.333,1
COPPER,supply,conDim,0.250,1
COPPER,index,conDim,0.067,1
COPPER,trade,conDim,0.062,1
COPPER,get,conDim,0.033,1
COPPER,imports,conDim,1.000,1
COPPER,metallic,conDim,1.000,1
COPPER,international,conDim,0.500,1
COPPER,even,conDim,0.059,1
COPPER,coal,conDim,1.000,1
COPPER,make,conDim,0.040,1
COPPER,growth,conDim,0.100,1
COPPER,mines,conDim,1.000,1
COPPER,commodity,conDim,1.000,1
COPPER,bronze,conDim,1.000,1
COPPER,know,conDim,0.125,1
COPPER,economy,conDim,0.167,1
COPPER,change,conDim,0.333,1
COPPER,key,conDim,0.250,1
COPPER,trading,conDim,0.053,1
COPPER,quarter,conDim,0.111,1
COPPER,analysts,conDim,0.167,1
CSCO,cisco,conDim,1.000,1
CSCO,csco,conDim,1.000,1
CSCO,cisco systems inc.,conDim,1.000,3
CSCO,#cisco,conDim,1.000,1
CSCO,#csco,conDim,1.000,1
CSCO,#ccna,conDim,1.000,1
CSCO,#ccnp,conDim,1.000,1
CSCO,amp,conDim,0.043,1
CSCO,security,conDim,0.250,1
CSCO,see,conDim,0.040,1
CSCO,network,conDim,1.000,1
CSCO,cloud,conDim,0.250,1
CSCO,collaboration,conDim,1.000,1
CSCO,access,conDim,1.000,1
CSCO,leader,conDim,1.000,1
CSCO,technology,conDim,0.111,1
CSCO,research,conDim,0.500,1
CSCO,like,conDim,0.034,1
CSCO,get,conDim,0.033,1
CSCO,solutions,conDim,0.333,1
CSCO,business,conDim,0.067,1
CSCO,market,conDim,0.036,1
CSCO,data,conDim,0.043,1
CSCO,work,conDim,0.067,1
CSCO,join,conDim,0.200,1
CSCO,use,conDim,0.111,1
CSCO,internet,conDim,1.000,1
CSCO,future,conDim,0.167,1
CSCO,wan,conDim,0.500,1
CSCO,time,conDim,0.031,1
CSCO,growth,conDim,0.100,1
CSCO,communities,conDim,1.000,1
CSCO,playing,conDim,0.500,1
CSCO,city,conDim,0.200,1
CSCO,edge,conDim,0.500,1
CSCO,innovation,conDim,1.000,1
CSCO,threats,conDim,1.000,1
CSCO,sessions,conDim,1.000,1
CSCO,put,conDim,0.500,1
CSCO,canopy,conDim,1.000,1
CSCO,help,conDim,0.083,1
CSCO,part,conDim,0.143,1
CSCO,fall,conDim,0.500,1
CSCO,stop,conDim,0.500,1
CSCO,small,conDim,0.500,1
CSCO,good,conDim,0.056,1
CSCO,partner,conDim,1.000,1
CSCO,infrastructure,conDim,0.500,1
CSCO,rest,conDim,1.000,1
CSCO,mole,conDim,1.000,1
CSCO,whack,conDim,1.000,1
CSCO,service,conDim,0.250,1
CSCO,world,conDim,0.038,1
CSCO,meeting,conDim,1.000,1
CSCO,providers,conDim,1.000,1
CSCO,businesses,conDim,1.000,1
CSCO,times,conDim,1.000,1
CSCO,today,conDim,0.056,1
CSCO,continues,conDim,1.000,1
CSCO,week,conDim,0.030,1
CSCO,need,conDim,0.100,1
CSCO,software,conDim,0.333,1
CSCO,traffic,conDim,1.000,1
CSCO,engineering,conDim,1.000,1
CSCO,day,conDim,0.032,1
CSCO,live,conDim,0.111,1
CSCO,look,conDim,0.143,1
CSCO,row,conDim,1.000,1
CSCO,video,conDim,0.167,1
CSCO,networking,conDim,1.000,1
CSCO,thirteen,conDim,1.000,1
CSCO,powering,conDim,1.000,1
CSCO,first,conDim,0.037,1
CSCO,got,conDim,0.111,1
CSCO,tradition,conDim,1.000,1
CSCO,great,conDim,0.250,1
CSCO,facilitating,conDim,1.000,1
CSCO,people,conDim,0.038,1
CSCO,dna,conDim,1.000,1
CSCO,routing,conDim,1.000,1
CSCO,systems,conDim,0.500,1
CSCO,partners,conDim,1.000,1
CSCO,key,conDim,0.250,1
CSCO,high,conDim,0.048,1
CSCO,ready,conDim,1.000,1
CSCO,magic,conDim,1.000,1
CSCO,centers,conDim,1.000,1
CSCO,age,conDim,1.000,1
CSCO,latest,conDim,0.143,1
CSCO,add,conDim,1.000,1
CSCO,segment,conDim,1.000,1
CSCO,emerging,conDim,1.000,1
CSCO,post,conDim,0.200,1
CSCO,take,conDim,0.062,1
CSCO,finds,conDim,1.000,1
CSCO,power,conDim,0.100,1
CSCO,os,conDim,1.000,1
CSCO,innovations,conDim,1.000,1
CSCO,integration,conDim,1.000,1
CSCO,workforce,conDim,0.500,1
C,citigroup,conDim,1.000,1
C,c,conDim,1.000,1
C,citigroup inc.,conDim,1.000,2
C,#citigroup,conDim,1.000,1
C,#citibank,conDim,1.000,1
C,group,conDim,0.056,1
C,week,conDim,0.030,1
C,bank,conDim,0.111,1
C,last,conDim,0.033,1
C,time,conDim,0.031,1
C,day,conDim,0.032,1
C,first,conDim,0.037,1
C,company,conDim,0.043,1
C,shares,conDim,0.059,1
C,pandemic,conDim,0.045,1
C,like,conDim,0.034,1
C,stock,conDim,0.048,1
C,canadian,conDim,1.000,1
C,market,conDim,0.036,1
C,people,conDim,0.038,1
C,government,conDim,0.067,1
C,month,conDim,0.045,1
C,data,conDim,0.043,1
C,photo,conDim,0.050,1
C,file,conDim,0.053,1
C,amp,conDim,0.043,1
C,win,conDim,0.200,1
C,get,conDim,0.033,1
C,investors,conDim,0.053,1
C,world,conDim,0.038,1
C,top,conDim,0.048,1
C,companies,conDim,0.059,1
C,back,conDim,0.043,1
C,years,conDim,0.050,1
C,energy,conDim,0.125,1
C,take,conDim,0.062,1
C,business,conDim,0.067,1
C,dollar,conDim,0.100,1
C,trump,conDim,0.056,1
C,according,conDim,0.071,1
C,markets,conDim,0.059,1
C,price,conDim,0.056,1
C,much,conDim,0.062,1
C,stocks,conDim,0.045,1
C,oil,conDim,0.111,1
C,quarter,conDim,0.111,1
C,points,conDim,0.071,1
C,second,conDim,0.111,1
C,chief,conDim,0.067,1
C,high,conDim,0.048,1
C,city,conDim,0.200,1
C,fell,conDim,0.100,1
C,president,conDim,0.053,1
C,deal,conDim,0.059,1
C,make,conDim,0.040,1
C,prices,conDim,0.111,1
C,index,conDim,0.067,1
C,share,conDim,0.250,1
C,rose,conDim,0.083,1
C,inc,conDim,0.083,1
C,election,conDim,0.059,1
C,including,conDim,0.100,1
C,well,conDim,0.053,1
C,total,conDim,0.333,1
C,demand,conDim,0.143,1
C,go,conDim,0.053,1
C,work,conDim,0.067,1
C,country,conDim,0.111,1
C,due,conDim,0.333,1
C,gas,conDim,0.333,1
C,york,conDim,0.077,1
C,still,conDim,0.043,1
C,capital,conDim,1.000,1
C,growth,conDim,0.100,1
C,public,conDim,0.200,1
C,investment,conDim,0.125,1
C,team,conDim,0.143,1
C,comment,conDim,0.200,1
C,analysts,conDim,0.167,1
C,home,conDim,0.125,1
C,trading,conDim,0.053,1
C,economy,conDim,0.167,1
C,see,conDim,0.040,1
C,third,conDim,0.200,1
C,even,conDim,0.059,1
C,going,conDim,0.059,1
C,states,conDim,0.067,1
C,low,conDim,0.125,1
C,added,conDim,0.125,1
C,united,conDim,0.083,1
C,banks,conDim,0.250,1
C,long,conDim,0.048,1
C,days,conDim,0.091,1
C,record,conDim,0.111,1
C,average,conDim,0.091,1
C,state,conDim,0.083,1
C,risk,conDim,0.125,1
C,yellow,conDim,0.500,1
C,told,conDim,0.100,1
C,right,conDim,0.111,1
DAX30,dax 30,conDim,1.000,2
DAX30,dax30,conDim,1.000,1
DAX30,germany dax 30 index,conDim,1.000,4
DAX30,^gdaxi,conDim,1.000,1
DAX30,#dax30,conDim,1.000,1
DAX30,dax,conDim,1.000,1
DAX30,pips,conDim,0.500,1
DAX30,trading,conDim,0.053,1
DAX30,free,conDim,0.200,1
DAX30,profit,conDim,0.200,1
DAX30,signals,conDim,0.500,1
DAX30,join,conDim,0.200,1
DAX30,hit,conDim,0.167,1
DAX30,indices,conDim,0.333,1
DAX30,stocks,conDim,0.045,1
DAX30,trade,conDim,0.062,1
DAX30,index,conDim,0.067,1
DAX30,morning,conDim,0.500,1
DAX30,amp,conDim,0.043,1
DAX30,buy,conDim,0.077,1
DAX30,daily,conDim,0.200,1
DAX30,target,conDim,0.500,1
DAX30,blue,conDim,0.250,1
DAX30,day,conDim,0.032,1
DAX30,good,conDim,0.056,1
DAX30,low,conDim,0.125,1
DAX30,gold,conDim,0.100,1
DAX30,earnings,conDim,0.071,1
DAX30,get,conDim,0.033,1
DAX30,term,conDim,0.200,1
DAX30,box,conDim,0.250,1
DAX30,short,conDim,0.125,1
DAX30,order,conDim,0.200,1
DAX30,today,conDim,0.056,1
DAX30,ticket,conDim,1.000,1
DAX30,cash,conDim,0.500,1
DAX30,sell,conDim,0.111,1
DAX30,chart,conDim,0.200,1
DAX30,scalping,conDim,1.000,1
DAX30,hits,conDim,1.000,1
DAX30,buyers,conDim,0.500,1
DAX30,market,conDim,0.036,1
DAX30,open,conDim,0.167,1
DAX30,channel,conDim,1.000,1
DAX30,levels,conDim,0.500,1
DAX30,buying,conDim,1.000,1
DAX30,support,conDim,0.100,1
DAX30,risk,conDim,0.125,1
DAX30,high,conDim,0.048,1
DAX30,price,conDim,0.056,1
DAX30,silver,conDim,0.200,1
DAX30,zone,conDim,1.000,1
DAX30,sap,conDim,0.333,1
DAX30,selling,conDim,0.500,1
DAX30,closed,conDim,0.500,1
DAX30,trend,conDim,1.000,1
DAX30,spy,conDim,0.143,1
DAX30,long,conDim,0.048,1
DAX30,european,conDim,0.111,1
DAX30,month,conDim,0.045,1
DAX30,futures,conDim,0.100,1
DAX30,revenue,conDim,0.167,1
DAX30,link,conDim,0.250,1
DAX30,check,conDim,0.250,1
DAX30,wave,conDim,0.500,1
DAX30,view,conDim,0.500,1
DAX30,points,conDim,0.071,1
DAX30,outlook,conDim,1.000,1
DAX30,markets,conDim,0.059,1
DAX30,make,conDim,0.040,1
DAX30,cuts,conDim,0.500,1
DAX30,mib,conDim,1.000,1
DAX30,find,conDim,1.000,1
DAX30,analysis,conDim,0.250,1
DAX30,days,conDim,0.091,1
DAX30,traders,conDim,0.500,1
DAX30,last,conDim,0.033,1
DAX30,week,conDim,0.030,1
DAX30,lower,conDim,0.143,1
DAX30,stock,conDim,0.048,1
DAX30,position,conDim,1.000,1
DAX30,es,conDim,0.500,1
DAX30,move,conDim,0.250,1
DAX30,carnage,conDim,1.000,1
DAX30,news,conDim,0.056,1
DAX30,level,conDim,0.333,1
DAX30,calls,conDim,0.500,1
DAX30,opening,conDim,1.000,1
DAX30,subscribers,conDim,0.500,1
DAX30,close,conDim,0.250,1
DAX30,pullback,conDim,1.000,1
DAX30,profits,conDim,0.500,1
DAX30,time,conDim,0.031,1
DAX30,sentiment,conDim,0.500,1
DAX30,range,conDim,0.500,1
DAX30,see,conDim,0.040,1
DAX30,supports,conDim,1.000,1
DAX30,gap,conDim,1.000,1
DAX30,session,conDim,0.500,1
DAX30,world,conDim,0.038,1
EBAY,ebay,conDim,1.000,1
EBAY,ebay inc.,conDim,1.000,2
EBAY,#ebay,conDim,1.000,1
EBAY,#ebayseller,conDim,1.000,1
EBAY,#ebaystore,conDim,1.000,1
EBAY,check,conDim,0.250,1
EBAY,vintage,conDim,1.000,1
EBAY,buy,conDim,0.077,1
EBAY,items,conDim,1.000,1
EBAY,like,conDim,0.034,1
EBAY,sale,conDim,1.000,1
EBAY,deal,conDim,0.059,1
EBAY,size,conDim,1.000,1
EBAY,good,conDim,0.056,1
EBAY,found,conDim,0.500,1
EBAY,amp,conDim,0.043,1
EBAY,free,conDim,0.200,1
EBAY,box,conDim,0.250,1
EBAY,men,conDim,1.000,1
EBAY,black,conDim,0.250,1
EBAY,auction,conDim,1.000,1
EBAY,silver,conDim,0.200,1
EBAY,blue,conDim,0.250,1
EBAY,gold,conDim,0.100,1
EBAY,bucks,conDim,1.000,1
EBAY,best,conDim,0.111,1
EBAY,lot,conDim,0.500,1
EBAY,white,conDim,0.167,1
EBAY,price,conDim,0.056,1
EBAY,shipping,conDim,0.500,1
EBAY,look,conDim,0.143,1
EBAY,ad,conDim,1.000,1
EBAY,shirt,conDim,0.500,1
EBAY,book,conDim,0.500,1
EBAY,get,conDim,0.033,1
EBAY,glass,conDim,1.000,1
EBAY,long,conDim,0.048,1
EBAY,women,conDim,1.000,1
EBAY,make,conDim,0.040,1
EBAY,old,conDim,0.250,1
EBAY,christmas,conDim,1.000,1
EBAY,green,conDim,1.000,1
EBAY,antique,conDim,1.000,1
EBAY,red,conDim,1.000,1
EBAY,sell,conDim,0.111,1
EBAY,large,conDim,0.333,1
EBAY,watch,conDim,0.167,1
EBAY,dress,conDim,0.500,1
EBAY,necklace,conDim,1.000,1
EBAY,card,conDim,1.000,1
EBAY,art,conDim,1.000,1
EBAY,original,conDim,1.000,1
EBAY,pin,conDim,1.000,1
EBAY,offer,conDim,0.500,1
EBAY,sales,conDim,0.143,1
EBAY,ring,conDim,1.000,1
EBAY,day,conDim,0.032,1
EBAY,top,conDim,0.048,1
EBAY,company,conDim,0.043,1
EBAY,hand,conDim,1.000,1
EBAY,back,conDim,0.043,1
EBAY,see,conDim,0.040,1
EBAY,earrings,conDim,0.500,1
EBAY,sterling,conDim,1.000,1
EBAY,comics,conDim,1.000,1
EBAY,star,conDim,1.000,1
EBAY,selling,conDim,0.500,1
EBAY,brand,conDim,1.000,1
EBAY,got,conDim,0.111,1
EBAY,go,conDim,0.053,1
EBAY,brown,conDim,1.000,1
EBAY,store,conDim,0.500,1
EBAY,time,conDim,0.031,1
EBAY,pink,conDim,1.000,1
EBAY,collection,conDim,1.000,1
EBAY,going,conDim,0.059,1
EBAY,cover,conDim,1.000,1
EBAY,people,conDim,0.038,1
EBAY,category,conDim,1.000,1
EBAY,set,conDim,0.500,1
EBAY,jewelry,conDim,1.000,1
EBAY,gift,conDim,1.000,1
EBAY,love,conDim,0.167,1
EBAY,ship,conDim,1.000,1
EBAY,earnings,conDim,0.071,1
EBAY,style,conDim,1.000,1
EBAY,gray,conDim,1.000,1
EBAY,clubhouse,conDim,1.000,1
EBAY,save,conDim,1.000,1
EBAY,trying,conDim,0.500,1
EBAY,week,conDim,0.030,1
EBAY,amazon,conDim,0.167,1
EBAY,tie,conDim,1.000,1
EBAY,cards,conDim,1.000,1
EBAY,cat,conDim,1.000,1
EBAY,small,conDim,0.500,1
EBAY,google,conDim,0.125,1
EBAY,yellow,conDim,0.500,1
EBAY,deals,conDim,1.000,1
EBAY,round,conDim,1.000,1
EUSTX50,euro stoxx 50,conDim,1.000,3
EUSTX50,eustx50,conDim,1.000,1
EUSTX50,euro stoxx 50 index,conDim,1.000,4
EUSTX50,^stoxx50e,conDim,1.000,1
EUSTX50,eurostoxx50,conDim,1.000,1
EUSTX50,#eurostoxx50,conDim,1.000,1
EUSTX50,#eustx50,conDim,1.000,1
EUSTX50,stoxx,conDim,1.000,1
EUSTX50,trading,conDim,0.053,1
EUSTX50,euro,conDim,0.500,1
EUSTX50,index,conDim,0.067,1
EUSTX50,dollar,conDim,0.100,1
EUSTX50,european,conDim,0.111,1
EUSTX50,indices,conDim,0.333,1
EUSTX50,month,conDim,0.045,1
EUSTX50,futures,conDim,0.100,1
EUSTX50,low,conDim,0.125,1
EUSTX50,blue,conDim,0.250,1
EUSTX50,shares,conDim,0.059,1
EUSTX50,york,conDim,0.077,1
EUSTX50,stock,conDim,0.048,1
EUSTX50,day,conDim,0.032,1
EUSTX50,fell,conDim,0.100,1
EUSTX50,investors,conDim,0.053,1
EUSTX50,week,conDim,0.030,1
EUSTX50,points,conDim,0.071,1
EUSTX50,stocks,conDim,0.045,1
EUSTX50,markets,conDim,0.059,1
EUSTX50,box,conDim,0.250,1
EUSTX50,stimulus,conDim,0.125,1
EUSTX50,gold,conDim,0.100,1
EUSTX50,prices,conDim,0.111,1
EUSTX50,news,conDim,0.056,1
EUSTX50,gains,conDim,0.143,1
EUSTX50,rose,conDim,0.083,1
EUSTX50,crude,conDim,0.250,1
EUSTX50,barrel,conDim,0.333,1
EUSTX50,back,conDim,0.043,1
EUSTX50,election,conDim,0.059,1
EUSTX50,last,conDim,0.033,1
EUSTX50,buyers,conDim,0.500,1
EUSTX50,market,conDim,0.036,1
EUSTX50,average,conDim,0.091,1
EUSTX50,yield,conDim,0.333,1
EUSTX50,www,conDim,0.333,1
EUSTX50,data,conDim,0.043,1
EUSTX50,end,conDim,0.143,1
EUSTX50,asian,conDim,0.500,1
EUSTX50,high,conDim,0.048,1
EUSTX50,world,conDim,0.038,1
EUSTX50,safe,conDim,1.000,1
EUSTX50,lower,conDim,0.143,1
EUSTX50,treasury,conDim,0.200,1
EUSTX50,vaccine,conDim,0.111,1
EUSTX50,trump,conDim,0.056,1
EUSTX50,japan,conDim,0.333,1
EUSTX50,oil,conDim,0.111,1
EUSTX50,near,conDim,0.500,1
EUSTX50,tuesday,conDim,0.200,1
EUSTX50,reached,conDim,1.000,1
EUSTX50,gained,conDim,0.200,1
EUSTX50,asia,conDim,0.500,1
EUSTX50,bond,conDim,0.250,1
EUSTX50,price,conDim,0.056,1
EUSTX50,economy,conDim,0.167,1
EUSTX50,get,conDim,0.033,1
EUSTX50,pandemic,conDim,0.045,1
EUSTX50,file,conDim,0.053,1
EUSTX50,positive,conDim,0.200,1
EUSTX50,saw,conDim,1.000,1
EUSTX50,risk,conDim,0.125,1
EUSTX50,yields,conDim,0.200,1
EUSTX50,settled,conDim,0.500,1
EUSTX50,chart,conDim,0.200,1
EUSTX50,found,conDim,0.500,1
EUSTX50,trade,conDim,0.062,1
EUSTX50,added,conDim,0.125,1
EUSTX50,states,conDim,0.067,1
EUSTX50,currencies,conDim,0.333,1
EUSTX50,deal,conDim,0.059,1
EUSTX50,government,conDim,0.067,1
EUSTX50,composite,conDim,0.500,1
EUSTX50,ounce,conDim,0.500,1
EUSTX50,latest,conDim,0.143,1
EUSTX50,cents,conDim,0.500,1
EUSTX50,chief,conDim,0.067,1
EUSTX50,hour,conDim,0.500,1
EUSTX50,president,conDim,0.053,1
EUSTX50,exchange,conDim,0.200,1
EUSTX50,concerns,conDim,0.500,1
EUSTX50,losses,conDim,1.000,1
EUSTX50,package,conDim,0.167,1
EUSTX50,united,conDim,0.083,1
EUSTX50,update,conDim,1.000,1
EUSTX50,equity,conDim,1.000,1
EUSTX50,aid,conDim,1.000,1
EUSTX50,analysis,conDim,0.250,1
EUSTX50,reports,conDim,1.000,1
EUSTX50,chinese,conDim,0.200,1
EUSTX50,recovery,conDim,0.167,1
FB,facebook,conDim,1.000,1
FB,fb,conDim,1.000,1
FB,facebook inc.,conDim,1.000,2
FB,#facebook,conDim,1.000,1
FB,people,conDim,0.038,1
FB,media,conDim,0.125,1
FB,government,conDim,0.067,1
FB,like,conDim,0.034,1
FB,twitter,conDim,0.333,1
FB,news,conDim,0.056,1
FB,social,conDim,0.200,1
FB,companies,conDim,0.059,1
FB,last,conDim,0.033,1
FB,says,conDim,0.100,1
FB,live,conDim,0.111,1
FB,time,conDim,0.031,1
FB,first,conDim,0.037,1
FB,company,conDim,0.043,1
FB,election,conDim,0.059,1
FB,week,conDim,0.030,1
FB,police,conDim,0.500,1
FB,google,conDim,0.125,1
FB,content,conDim,0.333,1
FB,group,conDim,0.056,1
FB,told,conDim,0.100,1
FB,president,conDim,0.053,1
FB,photo,conDim,0.050,1
FB,law,conDim,0.250,1
FB,take,conDim,0.062,1
FB,get,conDim,0.033,1
FB,including,conDim,0.100,1
FB,minister,conDim,0.250,1
FB,page,conDim,1.000,1
FB,trump,conDim,0.056,1
FB,back,conDim,0.043,1
FB,post,conDim,0.200,1
FB,day,conDim,0.032,1
FB,file,conDim,0.053,1
FB,free,conDim,0.200,1
FB,country,conDim,0.111,1
FB,state,conDim,0.083,1
FB,military,conDim,0.500,1
FB,work,conDim,0.067,1
FB,according,conDim,0.071,1
FB,inc,conDim,0.083,1
FB,world,conDim,0.038,1
FB,users,conDim,0.250,1
FB,party,conDim,0.500,1
FB,national,conDim,0.167,1
FB,years,conDim,0.050,1
FB,image,conDim,0.500,1
FB,data,conDim,0.043,1
FB,make,conDim,0.040,1
FB,follow,conDim,0.500,1
FB,action,conDim,1.000,1
FB,house,conDim,0.091,1
FB,report,conDim,0.111,1
FB,pandemic,conDim,0.045,1
FB,public,conDim,0.200,1
FB,comment,conDim,0.200,1
FB,chief,conDim,0.067,1
FB,video,conDim,0.167,1
FB,see,conDim,0.040,1
FB,statement,conDim,0.333,1
FB,former,conDim,0.167,1
FB,use,conDim,0.111,1
FB,fire,conDim,0.500,1
FB,going,conDim,0.059,1
FB,power,conDim,0.100,1
FB,say,conDim,0.100,1
FB,month,conDim,0.045,1
FB,still,conDim,0.043,1
FB,even,conDim,0.059,1
FB,well,conDim,0.053,1
FB,market,conDim,0.036,1
FB,platforms,conDim,1.000,1
FB,go,conDim,0.053,1
FB,days,conDim,0.091,1
FB,home,conDim,0.125,1
FB,united,conDim,0.083,1
FB,tech,conDim,0.143,1
FB,prime,conDim,0.250,1
FB,part,conDim,0.143,1
FB,city,conDim,0.200,1
FB,pinned,conDim,1.000,1
FB,security,conDim,0.250,1
FB,support,conDim,0.100,1
FB,health,conDim,0.250,1
FB,much,conDim,0.062,1
FB,campaign,conDim,0.333,1
FB,groups,conDim,1.000,1
FB,win,conDim,0.200,1
FB,rules,conDim,0.500,1
FB,think,conDim,0.100,1
FB,states,conDim,0.067,1
FB,business,conDim,0.067,1
FB,help,conDim,0.083,1
FB,story,conDim,0.500,1
FB,need,conDim,0.100,1
FB,protests,conDim,1.000,1
FDX,fedex,conDim,1.000,1
FDX,fdx,conDim,1.000,1
FDX,fedex corp.,conDim,1.000,2
FDX,#fedex,conDim,1.000,1
FDX,#fdx,conDim,1.000,1
FDX,#fedexexpress,conDim,1.000,1
FDX,week,conDim,0.030,1
FDX,package,conDim,0.167,1
FDX,vote,conDim,0.250,1
FDX,player,conDim,0.500,1
FDX,air,conDim,0.500,1
FDX,job,conDim,0.250,1
FDX,like,conDim,0.034,1
FDX,get,conDim,0.033,1
FDX,field,conDim,1.000,1
FDX,delivery,conDim,1.000,1
FDX,browns,conDim,1.000,1
FDX,today,conDim,0.056,1
FDX,surprise,conDim,1.000,1
FDX,days,conDim,0.091,1
FDX,ballot,conDim,1.000,1
FDX,time,conDim,0.031,1
FDX,see,conDim,0.040,1
FDX,drop,conDim,0.500,1
FDX,use,conDim,0.111,1
FDX,day,conDim,0.032,1
FDX,go,conDim,0.053,1
FDX,express,conDim,1.000,1
FDX,team,conDim,0.143,1
FDX,service,conDim,0.250,1
FDX,saints,conDim,1.000,1
FDX,rankings,conDim,1.000,1
FDX,mail,conDim,1.000,1
FDX,ground,conDim,1.000,1
FDX,people,conDim,0.038,1
FDX,got,conDim,0.111,1
FDX,cowboys,conDim,1.000,1
FDX,driver,conDim,1.000,1
FDX,touchdowns,conDim,1.000,1
FDX,link,conDim,0.250,1
FDX,still,conDim,0.043,1
FDX,amp,conDim,0.043,1
FDX,packages,conDim,1.000,1
FDX,work,conDim,0.067,1
FDX,say,conDim,0.100,1
FDX,official,conDim,1.000,1
FDX,shipping,conDim,0.500,1
FDX,click,conDim,0.500,1
FDX,power,conDim,0.100,1
FDX,re,conDim,0.333,1
FDX,showing,conDim,0.500,1
FDX,box,conDim,0.250,1
FDX,know,conDim,0.125,1
FDX,halftime,conDim,1.000,1
FDX,game,conDim,0.250,1
FDX,back,conDim,0.043,1
FDX,make,conDim,0.040,1
FDX,customer,conDim,1.000,1
FDX,take,conDim,0.062,1
FDX,even,conDim,0.059,1
FDX,first,conDim,0.037,1
FDX,last,conDim,0.033,1
FDX,send,conDim,1.000,1
FDX,need,conDim,0.100,1
FDX,order,conDim,0.200,1
FDX,latest,conDim,0.143,1
FDX,company,conDim,0.043,1
FDX,players,conDim,0.500,1
FDX,open,conDim,0.167,1
FDX,right,conDim,0.111,1
FDX,door,conDim,1.000,1
FDX,yards,conDim,1.000,1
FDX,name,conDim,0.333,1
FDX,good,conDim,0.056,1
FDX,looking,conDim,0.250,1
FDX,help,conDim,0.083,1
FDX,guy,conDim,0.500,1
FDX,getting,conDim,1.000,1
FDX,hello,conDim,0.500,1
FDX,going,conDim,0.059,1
FDX,lets,conDim,1.000,1
FDX,great,conDim,0.250,1
FDX,hiring,conDim,1.000,1
FDX,campaign,conDim,0.333,1
FDX,waiting,conDim,1.000,1
FDX,way,conDim,0.125,1
FDX,amazon,conDim,0.167,1
FDX,number,conDim,0.333,1
FDX,views,conDim,1.000,1
FDX,handler,conDim,1.000,1
FDX,experts,conDim,1.000,1
FDX,top,conDim,0.048,1
FDX,tracking,conDim,1.000,1
FDX,shirts,conDim,1.000,1
FDX,football,conDim,0.500,1
FDX,profits,conDim,0.500,1
FDX,home,conDim,0.125,1
FDX,person,conDim,1.000,1
FDX,donated,conDim,1.000,1
FDX,voting,conDim,0.250,1
F,ford,conDim,0.500,1
F,f,conDim,1.000,1
F,ford motor co.,conDim,1.000,3
F,#ford,conDim,1.000,1
F,#fords,conDim,1.000,1
F,female,conDim,1.000,1
F,corporal,conDim,1.000,1
F,citizen,conDim,1.000,1
F,branch,conDim,0.500,1
F,group,conDim,0.056,1
F,first,conDim,0.037,1
F,last,conDim,0.033,1
F,help,conDim,0.083,1
F,time,conDim,0.031,1
F,people,conDim,0.038,1
F,trump,conDim,0.056,1
F,like,conDim,0.034,1
F,back,conDim,0.043,1
F,week,conDim,0.030,1
F,get,conDim,0.033,1
F,years,conDim,0.050,1
F,production,conDim,0.200,1
F,company,conDim,0.043,1
F,president,conDim,0.053,1
F,world,conDim,0.038,1
F,united,conDim,0.083,1
F,way,conDim,0.125,1
F,sales,conDim,0.143,1
F,electric,conDim,0.333,1
F,day,conDim,0.032,1
F,second,conDim,0.111,1
F,state,conDim,0.083,1
F,states,conDim,0.067,1
F,voting,conDim,0.250,1
F,vehicles,conDim,0.333,1
F,league,conDim,0.500,1
F,game,conDim,0.250,1
F,photo,conDim,0.050,1
F,area,conDim,0.500,1
F,government,conDim,0.067,1
F,white,conDim,0.167,1
F,going,conDim,0.059,1
F,chief,conDim,0.067,1
F,quarter,conDim,0.111,1
F,motor,conDim,1.000,1
F,go,conDim,0.053,1
F,file,conDim,0.053,1
F,vaccine,conDim,0.111,1
F,support,conDim,0.100,1
F,including,conDim,0.100,1
F,half,conDim,0.500,1
F,much,conDim,0.062,1
F,win,conDim,0.200,1
F,still,conDim,0.043,1
F,make,conDim,0.040,1
F,pandemic,conDim,0.045,1
F,top,conDim,0.048,1
F,points,conDim,0.071,1
F,market,conDim,0.036,1
F,even,conDim,0.059,1
F,home,conDim,0.125,1
F,madam,conDim,1.000,1
F,need,conDim,0.100,1
F,well,conDim,0.053,1
F,industry,conDim,0.167,1
F,favorite,conDim,0.500,1
F,month,conDim,0.045,1
F,see,conDim,0.040,1
F,change,conDim,0.333,1
F,according,conDim,0.071,1
F,told,conDim,0.100,1
F,vehicle,conDim,0.333,1
F,auto,conDim,1.000,1
F,team,conDim,0.143,1
F,former,conDim,0.167,1
F,good,conDim,0.056,1
F,old,conDim,0.250,1
F,amp,conDim,0.043,1
F,play,conDim,0.333,1
F,says,conDim,0.100,1
F,today,conDim,0.056,1
F,work,conDim,0.067,1
F,final,conDim,0.500,1
F,give,conDim,1.000,1
F,long,conDim,0.048,1
F,say,conDim,0.100,1
F,got,conDim,0.111,1
F,take,conDim,0.062,1
F,workers,conDim,0.333,1
F,automakers,conDim,1.000,1
F,made,conDim,0.250,1
F,number,conDim,0.333,1
F,share,conDim,0.250,1
F,house,conDim,0.091,1
F,car,conDim,0.500,1
F,third,conDim,0.200,1
F,rock,conDim,1.000,1
F,air,conDim,0.500,1
F,officer,conDim,0.500,1
F,high,conDim,0.048,1
GE,general electric,conDim,1.000,2
GE,ge,conDim,0.250,1
GE,general electrix co.,conDim,1.000,3
GE,generalelectric,conDim,1.000,1
GE,#generalelectric,conDim,1.000,1
GE,#ge,conDim,1.000,1
GE,general,conDim,0.500,1
GE,world,conDim,0.038,1
GE,record,conDim,0.111,1
GE,told,conDim,0.100,1
GE,past,conDim,1.000,1
GE,speech,conDim,1.000,1
GE,minutes,conDim,0.333,1
GE,lies,conDim,1.000,1
GE,electric,conDim,0.333,1
GE,motors,conDim,1.000,1
GE,company,conDim,0.043,1
GE,truck,conDim,1.000,1
GE,business,conDim,0.067,1
GE,chief,conDim,0.067,1
GE,stock,conDim,0.048,1
GE,president,conDim,0.053,1
GE,market,conDim,0.036,1
GE,first,conDim,0.037,1
GE,power,conDim,0.100,1
GE,last,conDim,0.033,1
GE,companies,conDim,0.059,1
GE,executive,conDim,0.250,1
GE,hummer,conDim,1.000,1
GE,officer,conDim,0.500,1
GE,vehicles,conDim,0.333,1
GE,production,conDim,0.200,1
GE,deal,conDim,0.059,1
GE,energy,conDim,0.125,1
GE,pandemic,conDim,0.045,1
GE,well,conDim,0.053,1
GE,stocks,conDim,0.045,1
GE,still,conDim,0.043,1
GE,aviation,conDim,1.000,1
GE,like,conDim,0.034,1
GE,today,conDim,0.056,1
GE,time,conDim,0.031,1
GE,ford,conDim,0.500,1
GE,state,conDim,0.083,1
GE,think,conDim,0.100,1
GE,years,conDim,0.050,1
GE,news,conDim,0.056,1
GE,states,conDim,0.067,1
GE,amp,conDim,0.043,1
GE,go,conDim,0.053,1
GE,banks,conDim,0.250,1
GE,county,conDim,1.000,1
GE,people,conDim,0.038,1
GE,former,conDim,0.167,1
GE,major,conDim,0.200,1
GE,start,conDim,0.200,1
GE,plant,conDim,0.500,1
GE,trade,conDim,0.062,1
GE,back,conDim,0.043,1
GE,report,conDim,0.111,1
GE,group,conDim,0.056,1
GE,united,conDim,0.083,1
GE,going,conDim,0.059,1
GE,according,conDim,0.071,1
GE,cash,conDim,0.500,1
GE,even,conDim,0.059,1
GE,vehicle,conDim,0.333,1
GE,director,conDim,1.000,1
GE,good,conDim,0.056,1
GE,national,conDim,0.167,1
GE,trading,conDim,0.053,1
GE,future,conDim,0.167,1
GE,oil,conDim,0.111,1
GE,financing,conDim,1.000,1
GE,days,conDim,0.091,1
GE,ev,conDim,0.500,1
GE,fall,conDim,0.500,1
GE,get,conDim,0.033,1
GE,photo,conDim,0.050,1
GE,long,conDim,0.048,1
GE,gives,conDim,1.000,1
GE,maker,conDim,1.000,1
GE,lights,conDim,1.000,1
GE,country,conDim,0.111,1
GE,aircraft,conDim,1.000,1
GE,latest,conDim,0.143,1
GE,jet,conDim,1.000,1
GE,reading,conDim,0.500,1
GE,commercial,conDim,1.000,1
GE,shares,conDim,0.059,1
GE,election,conDim,0.059,1
GE,industry,conDim,0.167,1
GE,wind,conDim,1.000,1
GE,week,conDim,0.030,1
GE,delusion,conDim,1.000,1
GE,revenue,conDim,0.167,1
GE,bank,conDim,0.111,1
GE,cars,conDim,0.500,1
GE,electrifying,conDim,1.000,1
GE,file,conDim,0.053,1
GOLD,gold,conDim,0.100,1
GOLD,gold vs usd,conDim,1.000,3
GOLD,gc=f,conDim,1.000,1
GOLD,#gold,conDim,1.000,1
GOLD,#xauusd,conDim,1.000,1
GOLD,look,conDim,0.143,1
GOLD,dress,conDim,0.500,1
GOLD,colors,conDim,1.000,1
GOLD,notice,conDim,1.000,1
GOLD,dollar,conDim,0.100,1
GOLD,world,conDim,0.038,1
GOLD,week,conDim,0.030,1
GOLD,prices,conDim,0.111,1
GOLD,last,conDim,0.033,1
GOLD,market,conDim,0.036,1
GOLD,rose,conDim,0.083,1
GOLD,investors,conDim,0.053,1
GOLD,fell,conDim,0.100,1
GOLD,index,conDim,0.067,1
GOLD,futures,conDim,0.100,1
GOLD,first,conDim,0.037,1
GOLD,time,conDim,0.031,1
GOLD,markets,conDim,0.059,1
GOLD,day,conDim,0.032,1
GOLD,people,conDim,0.038,1
GOLD,month,conDim,0.045,1
GOLD,president,conDim,0.053,1
GOLD,oil,conDim,0.111,1
GOLD,stimulus,conDim,0.125,1
GOLD,ounce,conDim,0.500,1
GOLD,silver,conDim,0.200,1
GOLD,stocks,conDim,0.045,1
GOLD,shares,conDim,0.059,1
GOLD,inflation,conDim,1.000,1
GOLD,like,conDim,0.034,1
GOLD,government,conDim,0.067,1
GOLD,pandemic,conDim,0.045,1
GOLD,high,conDim,0.048,1
GOLD,yields,conDim,0.200,1
GOLD,bank,conDim,0.111,1
GOLD,price,conDim,0.056,1
GOLD,stock,conDim,0.048,1
GOLD,still,conDim,0.043,1
GOLD,data,conDim,0.043,1
GOLD,trump,conDim,0.056,1
GOLD,record,conDim,0.111,1
GOLD,going,conDim,0.059,1
GOLD,back,conDim,0.043,1
GOLD,years,conDim,0.050,1
GOLD,get,conDim,0.033,1
GOLD,points,conDim,0.071,1
GOLD,even,conDim,0.059,1
GOLD,election,conDim,0.059,1
GOLD,well,conDim,0.053,1
GOLD,go,conDim,0.053,1
GOLD,trading,conDim,0.053,1
GOLD,see,conDim,0.040,1
GOLD,crude,conDim,0.250,1
GOLD,stay,conDim,0.500,1
GOLD,added,conDim,0.125,1
GOLD,european,conDim,0.111,1
GOLD,vote,conDim,0.250,1
GOLD,make,conDim,0.040,1
GOLD,photo,conDim,0.050,1
GOLD,demand,conDim,0.143,1
GOLD,second,conDim,0.111,1
GOLD,file,conDim,0.053,1
GOLD,treasury,conDim,0.200,1
GOLD,positive,conDim,0.200,1
GOLD,news,conDim,0.056,1
GOLD,recovery,conDim,0.167,1
GOLD,white,conDim,0.167,1
GOLD,much,conDim,0.062,1
GOLD,trade,conDim,0.062,1
GOLD,exchange,conDim,0.200,1
GOLD,vaccine,conDim,0.111,1
GOLD,months,conDim,0.143,1
GOLD,energy,conDim,0.125,1
GOLD,spot,conDim,0.500,1
GOLD,hit,conDim,0.167,1
GOLD,gains,conDim,0.143,1
GOLD,york,conDim,0.077,1
GOLD,central,conDim,1.000,1
GOLD,cases,conDim,0.167,1
GOLD,awards,conDim,1.000,1
GOLD,house,conDim,0.091,1
GOLD,economy,conDim,0.167,1
GOLD,top,conDim,0.048,1
GOLD,company,conDim,0.043,1
GOLD,long,conDim,0.048,1
GOLD,rising,conDim,0.250,1
GOLD,deal,conDim,0.059,1
GOLD,gmt,conDim,1.000,1
GOLD,chief,conDim,0.067,1
GOLD,gained,conDim,0.200,1
GOLD,bond,conDim,0.250,1
GOLD,package,conDim,0.167,1
GOLD,told,conDim,0.100,1
GOLD,states,conDim,0.067,1
GOLD,investment,conDim,0.125,1
GOOG,google,conDim,0.125,1
GOOG,goog,conDim,1.000,1
GOOG,alphabet inc.,conDim,1.000,2
GOOG,#google,conDim,1.000,1
GOOG,#goog,conDim,1.000,1
GOOG,companies,conDim,0.059,1
GOOG,week,conDim,0.030,1
GOOG,market,conDim,0.036,1
GOOG,company,conDim,0.043,1
GOOG,government,conDim,0.067,1
GOOG,news,conDim,0.056,1
GOOG,last,conDim,0.033,1
GOOG,people,conDim,0.038,1
GOOG,inc,conDim,0.083,1
GOOG,stock,conDim,0.048,1
GOOG,president,conDim,0.053,1
GOOG,trump,conDim,0.056,1
GOOG,data,conDim,0.043,1
GOOG,apple,conDim,0.200,1
GOOG,media,conDim,0.125,1
GOOG,photo,conDim,0.050,1
GOOG,file,conDim,0.053,1
GOOG,tech,conDim,0.143,1
GOOG,stocks,conDim,0.045,1
GOOG,like,conDim,0.034,1
GOOG,first,conDim,0.037,1
GOOG,search,conDim,0.250,1
GOOG,report,conDim,0.111,1
GOOG,chief,conDim,0.067,1
GOOG,states,conDim,0.067,1
GOOG,according,conDim,0.071,1
GOOG,pandemic,conDim,0.045,1
GOOG,alphabet,conDim,1.000,1
GOOG,price,conDim,0.056,1
GOOG,state,conDim,0.083,1
GOOG,department,conDim,0.250,1
GOOG,business,conDim,0.067,1
GOOG,time,conDim,0.031,1
GOOG,house,conDim,0.091,1
GOOG,law,conDim,0.250,1
GOOG,election,conDim,0.059,1
GOOG,earnings,conDim,0.071,1
GOOG,investors,conDim,0.053,1
GOOG,amazon,conDim,0.167,1
GOOG,month,conDim,0.045,1
GOOG,top,conDim,0.048,1
GOOG,technology,conDim,0.111,1
GOOG,group,conDim,0.056,1
GOOG,shares,conDim,0.059,1
GOOG,including,conDim,0.100,1
GOOG,united,conDim,0.083,1
GOOG,york,conDim,0.077,1
GOOG,world,conDim,0.038,1
GOOG,case,conDim,0.500,1
GOOG,day,conDim,0.032,1
GOOG,court,conDim,0.167,1
GOOG,content,conDim,0.333,1
GOOG,years,conDim,0.050,1
GOOG,buy,conDim,0.077,1
GOOG,national,conDim,0.167,1
GOOG,services,conDim,0.250,1
GOOG,justice,conDim,0.333,1
GOOG,federal,conDim,0.500,1
GOOG,markets,conDim,0.059,1
GOOG,says,conDim,0.100,1
GOOG,former,conDim,0.167,1
GOOG,get,conDim,0.033,1
GOOG,deal,conDim,0.059,1
GOOG,told,conDim,0.100,1
GOOG,take,conDim,0.062,1
GOOG,use,conDim,0.111,1
GOOG,still,conDim,0.043,1
GOOG,high,conDim,0.048,1
GOOG,european,conDim,0.111,1
GOOG,even,conDim,0.059,1
GOOG,rose,conDim,0.083,1
GOOG,social,conDim,0.200,1
GOOG,work,conDim,0.067,1
GOOG,vaccine,conDim,0.111,1
GOOG,back,conDim,0.043,1
GOOG,tuesday,conDim,0.200,1
GOOG,flow,conDim,0.200,1
GOOG,fell,conDim,0.100,1
GOOG,trade,conDim,0.062,1
GOOG,bank,conDim,0.111,1
GOOG,long,conDim,0.048,1
GOOG,administration,conDim,0.500,1
GOOG,going,conDim,0.059,1
GOOG,much,conDim,0.062,1
GOOG,advertising,conDim,0.500,1
GOOG,general,conDim,0.500,1
GOOG,twitter,conDim,0.333,1
GOOG,executive,conDim,0.250,1
GOOG,power,conDim,0.100,1
GOOG,lawsuit,conDim,1.000,1
GOOG,make,conDim,0.040,1
GOOG,rules,conDim,0.500,1
GOOG,say,conDim,0.100,1
GOOG,country,conDim,0.111,1
GOOG,users,conDim,0.250,1
HPE,hewlett packard,conDim,1.000,2
HPE,hpe,conDim,1.000,1
HPE,hewlett packard enterprise co.,conDim,1.000,4
HPE,hewlettpackard,conDim,1.000,1
HPE,#hp,conDim,1.000,1
HPE,#hpe,conDim,1.000,1
HPE,#hewlettpackard #hewlettpackardenterprise,conDim,1.000,2
HPE,enterprise,conDim,1.000,1
HPE,hp,conDim,1.000,1
HPE,supercomputer,conDim,1.000,1
HPE,cloud,conDim,0.250,1
HPE,news,conDim,0.056,1
HPE,computer,conDim,0.333,1
HPE,companies,conDim,0.059,1
HPE,daily,conDim,0.200,1
HPE,company,conDim,0.043,1
HPE,amp,conDim,0.043,1
HPE,pay,conDim,0.333,1
HPE,build,conDim,1.000,1
HPE,believe,conDim,1.000,1
HPE,technology,conDim,0.111,1
HPE,first,conDim,0.037,1
HPE,time,conDim,0.031,1
HPE,stands,conDim,1.000,1
HPE,cant,conDim,1.000,1
HPE,solutions,conDim,0.333,1
HPE,power,conDim,0.100,1
HPE,center,conDim,1.000,1
HPE,building,conDim,1.000,1
HPE,cio,conDim,1.000,1
HPE,in,conDim,1.000,1
HPE,tech,conDim,0.143,1
HPE,market,conDim,0.036,1
HPE,employees,conDim,0.500,1
HPE,pandemic,conDim,0.045,1
HPE,transformation,conDim,0.500,1
HPE,like,conDim,0.034,1
HPE,working,conDim,0.500,1
HPE,people,conDim,0.038,1
HPE,solution,conDim,1.000,1
HPE,shares,conDim,0.059,1
HPE,contract,conDim,0.500,1
HPE,edge,conDim,0.500,1
HPE,computing,conDim,0.500,1
HPE,got,conDim,0.111,1
HPE,patches,conDim,1.000,1
HPE,platform,conDim,0.500,1
HPE,take,conDim,0.062,1
HPE,growth,conDim,0.100,1
HPE,former,conDim,0.167,1
HPE,win,conDim,0.200,1
HPE,partnership,conDim,1.000,1
HPE,work,conDim,0.067,1
HPE,need,conDim,0.100,1
HPE,go,conDim,0.053,1
HPE,www,conDim,0.333,1
HPE,support,conDim,0.100,1
HPE,today,conDim,0.056,1
HPE,sales,conDim,0.143,1
HPE,date,conDim,0.500,1
HPE,follow,conDim,0.500,1
HPE,limited,conDim,1.000,1
HPE,space,conDim,1.000,1
HPE,challenges,conDim,1.000,1
HPE,path,conDim,1.000,1
HPE,join,conDim,0.200,1
HPE,well,conDim,0.053,1
HPE,premise,conDim,1.000,1
HPE,key,conDim,0.250,1
HPE,software,conDim,0.333,1
HPE,help,conDim,0.083,1
HPE,steps,conDim,1.000,1
HPE,make,conDim,0.040,1
HPE,jump,conDim,1.000,1
HPE,advice,conDim,1.000,1
HPE,discrimination,conDim,1.000,1
HPE,good,conDim,0.056,1
HPE,department,conDim,0.250,1
HPE,agreement,conDim,1.000,1
HPE,group,conDim,0.056,1
HPE,open,conDim,0.167,1
HPE,best,conDim,0.111,1
HPE,student,conDim,1.000,1
HPE,business,conDim,0.067,1
HPE,average,conDim,0.091,1
HPE,vulnerabilities,conDim,1.000,1
HPE,looking,conDim,0.250,1
HPE,data,conDim,0.043,1
HPE,reach,conDim,0.333,1
HPE,service,conDim,0.250,1
HPE,system,conDim,1.000,1
HPE,chief,conDim,0.067,1
HPE,use,conDim,0.111,1
HPE,strategy,conDim,1.000,1
HPE,high,conDim,0.048,1
HPE,executive,conDim,0.250,1
HPE,wells,conDim,0.500,1
HPE,touts,conDim,1.000,1
HPE,ai,conDim,0.500,1
HPE,let,conDim,0.250,1
IBM,ibm,conDim,1.000,1
IBM,international business machines corp.,conDim,1.000,4
IBM,#ibm,conDim,1.000,1
IBM,#ibmcloud,conDim,1.000,1
IBM,#ibmwatson,conDim,1.000,1
IBM,cloud,conDim,0.250,1
IBM,market,conDim,0.036,1
IBM,data,conDim,0.043,1
IBM,business,conDim,0.067,1
IBM,amp,conDim,0.043,1
IBM,see,conDim,0.040,1
IBM,ai,conDim,0.500,1
IBM,make,conDim,0.040,1
IBM,get,conDim,0.033,1
IBM,join,conDim,0.200,1
IBM,like,conDim,0.034,1
IBM,quantum,conDim,1.000,1
IBM,security,conDim,0.250,1
IBM,growth,conDim,0.100,1
IBM,use,conDim,0.111,1
IBM,intelligence,conDim,1.000,1
IBM,technology,conDim,0.111,1
IBM,world,conDim,0.038,1
IBM,job,conDim,0.250,1
IBM,google,conDim,0.125,1
IBM,help,conDim,0.083,1
IBM,services,conDim,0.250,1
IBM,years,conDim,0.050,1
IBM,tech,conDim,0.143,1
IBM,time,conDim,0.031,1
IBM,live,conDim,0.111,1
IBM,storage,conDim,1.000,1
IBM,week,conDim,0.030,1
IBM,people,conDim,0.038,1
IBM,company,conDim,0.043,1
IBM,great,conDim,0.250,1
IBM,future,conDim,0.167,1
IBM,alzheimers,conDim,1.000,1
IBM,companies,conDim,0.059,1
IBM,computer,conDim,0.333,1
IBM,hybrid,conDim,1.000,1
IBM,computing,conDim,0.500,1
IBM,research,conDim,0.500,1
IBM,go,conDim,0.053,1
IBM,today,conDim,0.056,1
IBM,bill,conDim,1.000,1
IBM,gates,conDim,1.000,1
IBM,database,conDim,1.000,1
IBM,visit,conDim,1.000,1
IBM,analysis,conDim,0.250,1
IBM,first,conDim,0.037,1
IBM,solutions,conDim,0.333,1
IBM,know,conDim,0.125,1
IBM,open,conDim,0.167,1
IBM,infrastructure,conDim,0.500,1
IBM,earned,conDim,1.000,1
IBM,learning,conDim,1.000,1
IBM,dropped,conDim,0.500,1
IBM,feel,conDim,0.500,1
IBM,knows,conDim,1.000,1
IBM,billions,conDim,0.500,1
IBM,challenge,conDim,0.500,1
IBM,work,conDim,0.067,1
IBM,countries,conDim,0.333,1
IBM,going,conDim,0.059,1
IBM,calls,conDim,0.500,1
IBM,support,conDim,0.100,1
IBM,sap,conDim,0.333,1
IBM,latest,conDim,0.143,1
IBM,think,conDim,0.100,1
IBM,hindus,conDim,1.000,1
IBM,top,conDim,0.048,1
IBM,supporters,conDim,1.000,1
IBM,model,conDim,0.500,1
IBM,well,conDim,0.053,1
IBM,high,conDim,0.048,1
IBM,industry,conDim,0.167,1
IBM,best,conDim,0.111,1
IBM,developer,conDim,1.000,1
IBM,rbi,conDim,1.000,1
IBM,using,conDim,0.500,1
IBM,study,conDim,0.500,1
IBM,still,conDim,0.043,1
IBM,purchase,conDim,1.000,1
IBM,last,conDim,0.033,1
IBM,systems,conDim,0.500,1
IBM,project,conDim,1.000,1
IBM,token,conDim,0.500,1
IBM,rich,conDim,1.000,1
IBM,need,conDim,0.100,1
IBM,rate,conDim,0.333,1
IBM,ba,conDim,0.250,1
IBM,team,conDim,0.143,1
IBM,better,conDim,0.250,1
IBM,watch,conDim,0.167,1
IBM,apple,conDim,0.200,1
IBM,link,conDim,0.250,1
IBM,check,conDim,0.250,1
IBM,machine,conDim,1.000,1
IBM,transformation,conDim,0.500,1
JPM,jp morgan,conDim,1.000,2
JPM,jpm,conDim,1.000,1
JPM,jpmorgan chase & co,conDim,1.000,4
JPM,jpmorgan,conDim,1.000,1
JPM,#jpmorgan,conDim,1.000,1
JPM,gold,conDim,0.100,1
JPM,trump,conDim,0.056,1
JPM,banks,conDim,0.250,1
JPM,vote,conDim,0.250,1
JPM,long,conDim,0.048,1
JPM,term,conDim,0.200,1
JPM,joining,conDim,1.000,1
JPM,bank,conDim,0.111,1
JPM,complete,conDim,1.000,1
JPM,amp,conDim,0.043,1
JPM,analysts,conDim,0.167,1
JPM,potential,conDim,1.000,1
JPM,morgan,conDim,1.000,1
JPM,like,conDim,0.034,1
JPM,centre,conDim,1.000,1
JPM,market,conDim,0.036,1
JPM,stocks,conDim,0.045,1
JPM,ba,conDim,0.250,1
JPM,ge,conDim,0.250,1
JPM,think,conDim,0.100,1
JPM,week,conDim,0.030,1
JPM,alternative,conDim,1.000,1
JPM,says,conDim,0.100,1
JPM,top,conDim,0.048,1
JPM,value,conDim,0.500,1
JPM,basket,conDim,1.000,1
JPM,election,conDim,0.059,1
JPM,see,conDim,0.040,1
JPM,years,conDim,0.050,1
JPM,first,conDim,0.037,1
JPM,victory,conDim,1.000,1
JPM,state,conDim,0.083,1
JPM,last,conDim,0.033,1
JPM,cap,conDim,1.000,1
JPM,people,conDim,0.038,1
JPM,total,conDim,0.333,1
JPM,today,conDim,0.056,1
JPM,street,conDim,0.167,1
JPM,outcome,conDim,1.000,1
JPM,president,conDim,0.053,1
JPM,outperforming,conDim,1.000,1
JPM,stock,conDim,0.048,1
JPM,blue,conDim,0.250,1
JPM,time,conDim,0.031,1
JPM,investment,conDim,0.125,1
JPM,wave,conDim,0.500,1
JPM,triple,conDim,1.000,1
JPM,business,conDim,0.067,1
JPM,sector,conDim,0.333,1
JPM,short,conDim,0.125,1
JPM,investors,conDim,0.053,1
JPM,wealth,conDim,1.000,1
JPM,company,conDim,0.043,1
JPM,challenge,conDim,0.500,1
JPM,held,conDim,1.000,1
JPM,say,conDim,0.100,1
JPM,gs,conDim,1.000,1
JPM,buy,conDim,0.077,1
JPM,data,conDim,0.043,1
JPM,price,conDim,0.056,1
JPM,amounts,conDim,1.000,1
JPM,markets,conDim,0.059,1
JPM,chase,conDim,1.000,1
JPM,rising,conDim,0.250,1
JPM,stored,conDim,1.000,1
JPM,dal,conDim,0.500,1
JPM,flow,conDim,0.200,1
JPM,money,conDim,0.200,1
JPM,day,conDim,0.032,1
JPM,even,conDim,0.059,1
JPM,group,conDim,0.056,1
JPM,get,conDim,0.033,1
JPM,trading,conDim,0.053,1
JPM,back,conDim,0.043,1
JPM,good,conDim,0.056,1
JPM,earnings,conDim,0.071,1
JPM,much,conDim,0.062,1
JPM,points,conDim,0.071,1
JPM,elections,conDim,1.000,1
JPM,ms,conDim,1.000,1
JPM,sell,conDim,0.111,1
JPM,spy,conDim,0.143,1
JPM,still,conDim,0.043,1
JPM,baba,conDim,0.500,1
JPM,black,conDim,0.250,1
JPM,equities,conDim,1.000,1
JPM,make,conDim,0.040,1
JPM,anticipation,conDim,1.000,1
JPM,well,conDim,0.053,1
JPM,quarter,conDim,0.111,1
JPM,pandemic,conDim,0.045,1
JPM,photo,conDim,0.050,1
JPM,experiencing,conDim,1.000,1
JPM,least,conDim,1.000,1
JPM,go,conDim,0.053,1
KO,coca cola,conDim,1.000,2
KO,ko,conDim,1.000,1
KO,coca-cola co.,conDim,1.000,2
KO,cocacola,conDim,1.000,1
KO,#cocacola,conDim,1.000,1
KO,cola,conDim,1.000,1
KO,coca,conDim,1.000,1
KO,like,conDim,0.034,1
KO,people,conDim,0.038,1
KO,ends,conDim,1.000,1
KO,reply,conDim,1.000,1
KO,giveaway,conDim,1.000,1
KO,last,conDim,0.033,1
KO,support,conDim,0.100,1
KO,time,conDim,0.031,1
KO,offended,conDim,1.000,1
KO,hrs,conDim,1.000,1
KO,respond,conDim,1.000,1
KO,social,conDim,0.200,1
KO,hi,conDim,1.000,1
KO,love,conDim,0.167,1
KO,even,conDim,0.059,1
KO,still,conDim,0.043,1
KO,show,conDim,0.500,1
KO,sa,conDim,1.000,1
KO,life,conDim,0.333,1
KO,know,conDim,0.125,1
KO,first,conDim,0.037,1
KO,see,conDim,0.040,1
KO,get,conDim,0.033,1
KO,good,conDim,0.056,1
KO,day,conDim,0.032,1
KO,much,conDim,0.062,1
KO,se,conDim,1.000,1
KO,think,conDim,0.100,1
KO,media,conDim,0.125,1
KO,need,conDim,0.100,1
KO,white,conDim,0.167,1
KO,help,conDim,0.083,1
KO,say,conDim,0.100,1
KO,make,conDim,0.040,1
KO,ki,conDim,1.000,1
KO,artist,conDim,1.000,1
KO,got,conDim,0.111,1
KO,plastic,conDim,1.000,1
KO,company,conDim,0.043,1
KO,name,conDim,0.333,1
KO,voting,conDim,0.250,1
KO,treasure,conDim,1.000,1
KO,companies,conDim,0.059,1
KO,go,conDim,0.053,1
KO,week,conDim,0.030,1
KO,years,conDim,0.050,1
KO,ho,conDim,1.000,1
KO,want,conDim,0.250,1
KO,favorite,conDim,0.500,1
KO,feel,conDim,0.500,1
KO,color,conDim,1.000,1
KO,missing,conDim,1.000,1
KO,vote,conDim,0.250,1
KO,hope,conDim,1.000,1
KO,mere,conDim,1.000,1
KO,gusto,conDim,1.000,1
KO,today,conDim,0.056,1
KO,fan,conDim,1.000,1
KO,world,conDim,0.038,1
KO,best,conDim,0.111,1
KO,gill,conDim,1.000,1
KO,alert,conDim,1.000,1
KO,birthday,conDim,1.000,1
KO,money,conDim,0.200,1
KO,back,conDim,0.043,1
KO,work,conDim,0.067,1
KO,take,conDim,0.062,1
KO,election,conDim,0.059,1
KO,sign,conDim,0.500,1
KO,comparing,conDim,1.000,1
KO,amp,conDim,0.043,1
KO,na,conDim,1.000,1
KO,job,conDim,0.250,1
KO,well,conDim,0.053,1
KO,stop,conDim,0.500,1
KO,pa,conDim,1.000,1
KO,whole,conDim,0.333,1
KO,re,conDim,0.333,1
KO,sir,conDim,1.000,1
KO,running,conDim,1.000,1
KO,way,conDim,0.125,1
KO,share,conDim,0.250,1
KO,part,conDim,0.143,1
KO,days,conDim,0.091,1
KO,according,conDim,0.071,1
KO,ice,conDim,0.500,1
KO,ang,conDim,1.000,1
KO,hello,conDim,0.500,1
KO,night,conDim,0.500,1
KO,went,conDim,0.333,1
KO,european,conDim,0.111,1
KO,second,conDim,0.111,1
KO,khan,conDim,1.000,1
MCD,mc donalds,conDim,1.000,2
MCD,mcd,conDim,1.000,1
MCD,mc donalds co.,conDim,1.000,3
MCD,mcdonalds,conDim,1.000,1
MCD,#mcdonalds,conDim,1.000,1
MCD,#mcd,conDim,1.000,1
MCD,mc,conDim,1.000,1
MCD,like,conDim,0.034,1
MCD,re,conDim,0.333,1
MCD,night,conDim,0.500,1
MCD,looking,conDim,0.250,1
MCD,vamp,conDim,1.000,1
MCD,kind,conDim,1.000,1
MCD,chilling,conDim,1.000,1
MCD,bk,conDim,1.000,1
MCD,pro,conDim,1.000,1
MCD,go,conDim,0.053,1
MCD,think,conDim,0.100,1
MCD,time,conDim,0.031,1
MCD,news,conDim,0.056,1
MCD,daily,conDim,0.200,1
MCD,good,conDim,0.056,1
MCD,trades,conDim,1.000,1
MCD,stock,conDim,0.048,1
MCD,stocks,conDim,0.045,1
MCD,get,conDim,0.033,1
MCD,see,conDim,0.040,1
MCD,minutes,conDim,0.333,1
MCD,mom,conDim,1.000,1
MCD,www,conDim,0.333,1
MCD,going,conDim,0.059,1
MCD,right,conDim,0.111,1
MCD,want,conDim,0.250,1
MCD,trading,conDim,0.053,1
MCD,back,conDim,0.043,1
MCD,know,conDim,0.125,1
MCD,near,conDim,0.500,1
MCD,burger,conDim,1.000,1
MCD,best,conDim,0.111,1
MCD,brands,conDim,1.000,1
MCD,need,conDim,0.100,1
MCD,deal,conDim,0.059,1
MCD,food,conDim,1.000,1
MCD,well,conDim,0.053,1
MCD,today,conDim,0.056,1
MCD,private,conDim,1.000,1
MCD,chicken,conDim,1.000,1
MCD,sell,conDim,0.111,1
MCD,smalls,conDim,1.000,1
MCD,please,conDim,1.000,1
MCD,live,conDim,0.111,1
MCD,got,conDim,0.111,1
MCD,tell,conDim,1.000,1
MCD,make,conDim,0.040,1
MCD,studies,conDim,1.000,1
MCD,week,conDim,0.030,1
MCD,amp,conDim,0.043,1
MCD,order,conDim,0.200,1
MCD,way,conDim,0.125,1
MCD,top,conDim,0.048,1
MCD,love,conDim,0.167,1
MCD,kid,conDim,1.000,1
MCD,works,conDim,1.000,1
MCD,fries,conDim,1.000,1
MCD,day,conDim,0.032,1
MCD,be,conDim,1.000,1
MCD,buy,conDim,0.077,1
MCD,odds,conDim,1.000,1
MCD,view,conDim,0.500,1
MCD,indicators,conDim,1.000,1
MCD,theme,conDim,1.000,1
MCD,working,conDim,0.500,1
MCD,song,conDim,1.000,1
MCD,thinking,conDim,1.000,1
MCD,better,conDim,0.250,1
MCD,pay,conDim,0.333,1
MCD,last,conDim,0.033,1
MCD,singing,conDim,1.000,1
MCD,let,conDim,0.250,1
MCD,earnings,conDim,0.071,1
MCD,computer,conDim,0.333,1
MCD,is,conDim,1.000,1
MCD,move,conDim,0.250,1
MCD,inside,conDim,0.500,1
MCD,report,conDim,0.111,1
MCD,analyst,conDim,1.000,1
MCD,html,conDim,1.000,1
MCD,guy,conDim,0.500,1
MCD,broken,conDim,1.000,1
MCD,ng,conDim,1.000,1
MCD,wait,conDim,1.000,1
MCD,went,conDim,0.333,1
MCD,ice,conDim,0.500,1
MCD,scalp,conDim,1.000,1
MCD,momentum,conDim,1.000,1
MCD,living,conDim,1.000,1
MCD,swing,conDim,1.000,1
MCD,voting,conDim,0.250,1
MCD,flurry,conDim,1.000,1
MCD,fast,conDim,1.000,1
NASDAQ100,nasdaq 100,conDim,1.000,2
NASDAQ100,nasdaq100,conDim,1.000,1
NASDAQ100,us nasdaq 100 index,conDim,1.000,4
NASDAQ100,^ixic,conDim,1.000,1
NASDAQ100,#nasdaq100,conDim,1.000,1
NASDAQ100,#nas100,conDim,1.000,1
NASDAQ100,nasdaq,conDim,1.000,1
NASDAQ100,stocks,conDim,0.045,1
NASDAQ100,points,conDim,0.071,1
NASDAQ100,stock,conDim,0.048,1
NASDAQ100,week,conDim,0.030,1
NASDAQ100,flow,conDim,0.200,1
NASDAQ100,inc,conDim,0.083,1
NASDAQ100,market,conDim,0.036,1
NASDAQ100,shares,conDim,0.059,1
NASDAQ100,index,conDim,0.067,1
NASDAQ100,top,conDim,0.048,1
NASDAQ100,day,conDim,0.032,1
NASDAQ100,futures,conDim,0.100,1
NASDAQ100,buy,conDim,0.077,1
NASDAQ100,highs,conDim,1.000,1
NASDAQ100,fell,conDim,0.100,1
NASDAQ100,earnings,conDim,0.071,1
NASDAQ100,rose,conDim,0.083,1
NASDAQ100,investors,conDim,0.053,1
NASDAQ100,york,conDim,0.077,1
NASDAQ100,sell,conDim,0.111,1
NASDAQ100,trading,conDim,0.053,1
NASDAQ100,street,conDim,0.167,1
NASDAQ100,corp,conDim,0.333,1
NASDAQ100,last,conDim,0.033,1
NASDAQ100,ratio,conDim,1.000,1
NASDAQ100,energy,conDim,0.125,1
NASDAQ100,high,conDim,0.048,1
NASDAQ100,investment,conDim,0.125,1
NASDAQ100,data,conDim,0.043,1
NASDAQ100,today,conDim,0.056,1
NASDAQ100,composite,conDim,0.500,1
NASDAQ100,stimulus,conDim,0.125,1
NASDAQ100,companies,conDim,0.059,1
NASDAQ100,lows,conDim,0.500,1
NASDAQ100,exchange,conDim,0.200,1
NASDAQ100,average,conDim,0.091,1
NASDAQ100,lower,conDim,0.143,1
NASDAQ100,volume,conDim,1.000,1
NASDAQ100,markets,conDim,0.059,1
NASDAQ100,closed,conDim,0.500,1
NASDAQ100,future,conDim,0.167,1
NASDAQ100,growth,conDim,0.100,1
NASDAQ100,wall,conDim,0.333,1
NASDAQ100,live,conDim,0.111,1
NASDAQ100,quarter,conDim,0.111,1
NASDAQ100,issues,conDim,1.000,1
NASDAQ100,animated,conDim,0.500,1
NASDAQ100,file,conDim,0.053,1
NASDAQ100,time,conDim,0.031,1
NASDAQ100,sector,conDim,0.333,1
NASDAQ100,mini,conDim,0.500,1
NASDAQ100,amp,conDim,0.043,1
NASDAQ100,trump,conDim,0.056,1
NASDAQ100,photo,conDim,0.050,1
NASDAQ100,price,conDim,0.056,1
NASDAQ100,record,conDim,0.111,1
NASDAQ100,news,conDim,0.056,1
NASDAQ100,weekly,conDim,0.500,1
NASDAQ100,house,conDim,0.091,1
NASDAQ100,indexes,conDim,1.000,1
NASDAQ100,president,conDim,0.053,1
NASDAQ100,sign,conDim,0.500,1
NASDAQ100,technology,conDim,0.111,1
NASDAQ100,pandemic,conDim,0.045,1
NASDAQ100,posted,conDim,1.000,1
NASDAQ100,month,conDim,0.045,1
NASDAQ100,package,conDim,0.167,1
NASDAQ100,group,conDim,0.056,1
NASDAQ100,see,conDim,0.040,1
NASDAQ100,wednesday,conDim,0.500,1
NASDAQ100,first,conDim,0.037,1
NASDAQ100,election,conDim,0.059,1
NASDAQ100,recovery,conDim,0.167,1
NASDAQ100,quarterly,conDim,1.000,1
NASDAQ100,prices,conDim,0.111,1
NASDAQ100,profit,conDim,0.200,1
NASDAQ100,gains,conDim,0.143,1
NASDAQ100,vaccine,conDim,0.111,1
NASDAQ100,single,conDim,1.000,1
NASDAQ100,third,conDim,0.200,1
NASDAQ100,jumped,conDim,0.500,1
NASDAQ100,yields,conDim,0.200,1
NASDAQ100,expectations,conDim,0.333,1
NASDAQ100,added,conDim,0.125,1
NASDAQ100,apple,conDim,0.200,1
NASDAQ100,major,conDim,0.200,1
NASDAQ100,treasury,conDim,0.200,1
NASDAQ100,gained,conDim,0.200,1
NASDAQ100,low,conDim,0.125,1
NASDAQ100,recorded,conDim,1.000,1
NASDAQ100,deal,conDim,0.059,1
NASDAQ100,main,conDim,0.500,1
NASDAQ100,relief,conDim,1.000,1
NFLX,netflix,conDim,1.000,1
NFLX,nflx,conDim,1.000,1
NFLX,netflix inc.,conDim,1.000,2
NFLX,#netflix,conDim,1.000,1
NFLX,#nflx,conDim,1.000,1
NFLX,streaming,conDim,1.000,1
NFLX,people,conDim,0.038,1
NFLX,like,conDim,0.034,1
NFLX,stocks,conDim,0.045,1
NFLX,company,conDim,0.043,1
NFLX,market,conDim,0.036,1
NFLX,time,conDim,0.031,1
NFLX,last,conDim,0.033,1
NFLX,inc,conDim,0.083,1
NFLX,series,conDim,0.500,1
NFLX,week,conDim,0.030,1
NFLX,shares,conDim,0.059,1
NFLX,investors,conDim,0.053,1
NFLX,media,conDim,0.125,1
NFLX,service,conDim,0.250,1
NFLX,revenue,conDim,0.167,1
NFLX,first,conDim,0.037,1
NFLX,tv,conDim,0.500,1
NFLX,stock,conDim,0.048,1
NFLX,movie,conDim,1.000,1
NFLX,pandemic,conDim,0.045,1
NFLX,film,conDim,0.500,1
NFLX,quarter,conDim,0.111,1
NFLX,world,conDim,0.038,1
NFLX,content,conDim,0.333,1
NFLX,month,conDim,0.045,1
NFLX,years,conDim,0.050,1
NFLX,growth,conDim,0.100,1
NFLX,york,conDim,0.077,1
NFLX,see,conDim,0.040,1
NFLX,high,conDim,0.048,1
NFLX,day,conDim,0.032,1
NFLX,companies,conDim,0.059,1
NFLX,according,conDim,0.071,1
NFLX,news,conDim,0.056,1
NFLX,white,conDim,0.167,1
NFLX,points,conDim,0.071,1
NFLX,back,conDim,0.043,1
NFLX,premium,conDim,1.000,1
NFLX,earnings,conDim,0.071,1
NFLX,get,conDim,0.033,1
NFLX,photo,conDim,0.050,1
NFLX,make,conDim,0.040,1
NFLX,third,conDim,0.200,1
NFLX,file,conDim,0.053,1
NFLX,top,conDim,0.048,1
NFLX,watch,conDim,0.167,1
NFLX,says,conDim,0.100,1
NFLX,including,conDim,0.100,1
NFLX,live,conDim,0.111,1
NFLX,chief,conDim,0.067,1
NFLX,spy,conDim,0.143,1
NFLX,still,conDim,0.043,1
NFLX,president,conDim,0.053,1
NFLX,google,conDim,0.125,1
NFLX,group,conDim,0.056,1
NFLX,shows,conDim,1.000,1
NFLX,video,conDim,0.167,1
NFLX,index,conDim,0.067,1
NFLX,home,conDim,0.125,1
NFLX,amazon,conDim,0.167,1
NFLX,sales,conDim,0.143,1
NFLX,show,conDim,0.500,1
NFLX,subscribers,conDim,0.500,1
NFLX,stimulus,conDim,0.125,1
NFLX,election,conDim,0.059,1
NFLX,markets,conDim,0.059,1
NFLX,hit,conDim,0.167,1
NFLX,data,conDim,0.043,1
NFLX,social,conDim,0.200,1
NFLX,even,conDim,0.059,1
NFLX,go,conDim,0.053,1
NFLX,family,conDim,0.500,1
NFLX,going,conDim,0.059,1
NFLX,best,conDim,0.111,1
NFLX,business,conDim,0.067,1
NFLX,deal,conDim,0.059,1
NFLX,movies,conDim,1.000,1
NFLX,months,conDim,0.143,1
NFLX,house,conDim,0.091,1
NFLX,rose,conDim,0.083,1
NFLX,way,conDim,0.125,1
NFLX,trump,conDim,0.056,1
NFLX,life,conDim,0.333,1
NFLX,trade,conDim,0.062,1
NFLX,made,conDim,0.250,1
NFLX,buy,conDim,0.077,1
NFLX,good,conDim,0.056,1
NFLX,trading,conDim,0.053,1
NFLX,work,conDim,0.067,1
NFLX,well,conDim,0.053,1
NFLX,government,conDim,0.067,1
NFLX,september,conDim,1.000,1
NFLX,films,conDim,1.000,1
NFLX,average,conDim,0.091,1
NK225,nikkei 225,conDim,1.000,2
NK225,nk225,conDim,1.000,1
NK225,japanese nikkei index,conDim,1.000,3
NK225,^n225,conDim,1.000,1
NK225,nikkei225,conDim,1.000,1
NK225,nikkei,conDim,1.000,1
NK225,#nikkei225,conDim,1.000,1
NK225,#nk225,conDim,1.000,1
NK225,#nikkei,conDim,1.000,1
NK225,rose,conDim,0.083,1
NK225,stocks,conDim,0.045,1
NK225,index,conDim,0.067,1
NK225,japan,conDim,0.333,1
NK225,dollar,conDim,0.100,1
NK225,day,conDim,0.032,1
NK225,markets,conDim,0.059,1
NK225,fell,conDim,0.100,1
NK225,shares,conDim,0.059,1
NK225,futures,conDim,0.100,1
NK225,gains,conDim,0.143,1
NK225,week,conDim,0.030,1
NK225,market,conDim,0.036,1
NK225,gained,conDim,0.200,1
NK225,investors,conDim,0.053,1
NK225,york,conDim,0.077,1
NK225,high,conDim,0.048,1
NK225,data,conDim,0.043,1
NK225,prices,conDim,0.111,1
NK225,vaccine,conDim,0.111,1
NK225,crude,conDim,0.250,1
NK225,stock,conDim,0.048,1
NK225,asia,conDim,0.500,1
NK225,european,conDim,0.111,1
NK225,last,conDim,0.033,1
NK225,tuesday,conDim,0.200,1
NK225,stimulus,conDim,0.125,1
NK225,rising,conDim,0.250,1
NK225,points,conDim,0.071,1
NK225,earnings,conDim,0.071,1
NK225,yield,conDim,0.333,1
NK225,barrel,conDim,0.333,1
NK225,yields,conDim,0.200,1
NK225,world,conDim,0.038,1
NK225,record,conDim,0.111,1
NK225,oil,conDim,0.111,1
NK225,pandemic,conDim,0.045,1
NK225,average,conDim,0.091,1
NK225,lower,conDim,0.143,1
NK225,japanese,conDim,1.000,1
NK225,election,conDim,0.059,1
NK225,hit,conDim,0.167,1
NK225,news,conDim,0.056,1
NK225,treasury,conDim,0.200,1
NK225,gold,conDim,0.100,1
NK225,asian,conDim,0.500,1
NK225,street,conDim,0.167,1
NK225,trading,conDim,0.053,1
NK225,helped,conDim,1.000,1
NK225,month,conDim,0.045,1
NK225,trade,conDim,0.062,1
NK225,added,conDim,0.125,1
NK225,benchmark,conDim,0.500,1
NK225,major,conDim,0.200,1
NK225,dropped,conDim,0.500,1
NK225,inc,conDim,0.083,1
NK225,bond,conDim,0.250,1
NK225,trump,conDim,0.056,1
NK225,monday,conDim,0.500,1
NK225,bank,conDim,0.111,1
NK225,package,conDim,0.167,1
NK225,sentiment,conDim,0.500,1
NK225,months,conDim,0.143,1
NK225,brent,conDim,0.500,1
NK225,second,conDim,0.111,1
NK225,positive,conDim,0.200,1
NK225,chief,conDim,0.067,1
NK225,expectations,conDim,0.333,1
NK225,price,conDim,0.056,1
NK225,risk,conDim,0.125,1
NK225,back,conDim,0.043,1
NK225,jumped,conDim,0.500,1
NK225,states,conDim,0.067,1
NK225,china,conDim,0.167,1
NK225,wall,conDim,0.333,1
NK225,economy,conDim,0.167,1
NK225,deal,conDim,0.059,1
NK225,recovery,conDim,0.167,1
NK225,investor,conDim,1.000,1
NK225,end,conDim,0.143,1
NK225,hitting,conDim,1.000,1
NK225,numbers,conDim,1.000,1
NK225,exchange,conDim,0.200,1
NK225,strategist,conDim,1.000,1
NK225,hopes,conDim,1.000,1
NK225,currencies,conDim,0.333,1
NK225,president,conDim,0.053,1
NK225,optimism,conDim,1.000,1
NK225,cases,conDim,0.167,1
NK225,forecasts,conDim,1.000,1
NK225,outside,conDim,1.000,1
ORCL,oracle,conDim,1.000,1
ORCL,orcl,conDim,1.000,1
ORCL,oracle corp.,conDim,1.000,2
ORCL,#oracle,conDim,1.000,1
ORCL,#orcl,conDim,1.000,1
ORCL,flow,conDim,0.200,1
ORCL,google,conDim,0.125,1
ORCL,top,conDim,0.048,1
ORCL,buy,conDim,0.077,1
ORCL,sell,conDim,0.111,1
ORCL,court,conDim,0.167,1
ORCL,amp,conDim,0.043,1
ORCL,inc,conDim,0.083,1
ORCL,today,conDim,0.056,1
ORCL,price,conDim,0.056,1
ORCL,trump,conDim,0.056,1
ORCL,technology,conDim,0.111,1
ORCL,software,conDim,0.333,1
ORCL,company,conDim,0.043,1
ORCL,time,conDim,0.031,1
ORCL,use,conDim,0.111,1
ORCL,government,conDim,0.067,1
ORCL,week,conDim,0.030,1
ORCL,sap,conDim,0.333,1
ORCL,deal,conDim,0.059,1
ORCL,data,conDim,0.043,1
ORCL,last,conDim,0.033,1
ORCL,like,conDim,0.034,1
ORCL,raised,conDim,0.500,1
ORCL,get,conDim,0.033,1
ORCL,including,conDim,0.100,1
ORCL,sector,conDim,0.333,1
ORCL,corp,conDim,0.333,1
ORCL,day,conDim,0.032,1
ORCL,stocks,conDim,0.045,1
ORCL,companies,conDim,0.059,1
ORCL,market,conDim,0.036,1
ORCL,president,conDim,0.053,1
ORCL,justice,conDim,0.333,1
ORCL,search,conDim,0.250,1
ORCL,short,conDim,0.125,1
ORCL,take,conDim,0.062,1
ORCL,stock,conDim,0.048,1
ORCL,states,conDim,0.067,1
ORCL,see,conDim,0.040,1
ORCL,first,conDim,0.037,1
ORCL,according,conDim,0.071,1
ORCL,advertising,conDim,0.500,1
ORCL,election,conDim,0.059,1
ORCL,china,conDim,0.167,1
ORCL,job,conDim,0.250,1
ORCL,platform,conDim,0.500,1
ORCL,united,conDim,0.083,1
ORCL,business,conDim,0.067,1
ORCL,administration,conDim,0.500,1
ORCL,work,conDim,0.067,1
ORCL,users,conDim,0.250,1
ORCL,high,conDim,0.048,1
ORCL,case,conDim,0.500,1
ORCL,fell,conDim,0.100,1
ORCL,department,conDim,0.250,1
ORCL,term,conDim,0.200,1
ORCL,committee,conDim,1.000,1
ORCL,industry,conDim,0.167,1
ORCL,season,conDim,0.500,1
ORCL,using,conDim,0.500,1
ORCL,years,conDim,0.050,1
ORCL,news,conDim,0.056,1
ORCL,photo,conDim,0.050,1
ORCL,file,conDim,0.053,1
ORCL,people,conDim,0.038,1
ORCL,cloud,conDim,0.250,1
ORCL,due,conDim,0.333,1
ORCL,key,conDim,0.250,1
ORCL,make,conDim,0.040,1
ORCL,state,conDim,0.083,1
ORCL,group,conDim,0.056,1
ORCL,video,conDim,0.167,1
ORCL,support,conDim,0.100,1
ORCL,cases,conDim,0.167,1
ORCL,average,conDim,0.091,1
ORCL,go,conDim,0.053,1
ORCL,report,conDim,0.111,1
ORCL,energy,conDim,0.125,1
ORCL,shares,conDim,0.059,1
ORCL,pandemic,conDim,0.045,1
ORCL,trading,conDim,0.053,1
ORCL,trade,conDim,0.062,1
ORCL,team,conDim,0.143,1
ORCL,help,conDim,0.083,1
ORCL,comment,conDim,0.200,1
ORCL,chinese,conDim,0.200,1
ORCL,order,conDim,0.200,1
ORCL,long,conDim,0.048,1
ORCL,ruling,conDim,1.000,1
ORCL,shop,conDim,0.500,1
ORCL,power,conDim,0.100,1
ORCL,says,conDim,0.100,1
ORCL,tuesday,conDim,0.200,1
ORCL,chief,conDim,0.067,1
PFE,pfizer,conDim,1.000,1
PFE,pfe,conDim,1.000,1
PFE,pfizer inc.,conDim,1.000,2
PFE,#pfizer,conDim,1.000,1
PFE,#pfe,conDim,1.000,1
PFE,vaccine,conDim,0.111,1
PFE,week,conDim,0.030,1
PFE,vaccines,conDim,1.000,1
PFE,doses,conDim,1.000,1
PFE,earnings,conDim,0.071,1
PFE,people,conDim,0.038,1
PFE,first,conDim,0.037,1
PFE,health,conDim,0.250,1
PFE,ba,conDim,0.250,1
PFE,amd,conDim,1.000,1
PFE,data,conDim,0.043,1
PFE,shop,conDim,0.500,1
PFE,ge,conDim,0.250,1
PFE,trial,conDim,1.000,1
PFE,government,conDim,0.067,1
PFE,last,conDim,0.033,1
PFE,news,conDim,0.056,1
PFE,mrna,conDim,1.000,1
PFE,states,conDim,0.067,1
PFE,day,conDim,0.032,1
PFE,country,conDim,0.111,1
PFE,pandemic,conDim,0.045,1
PFE,photo,conDim,0.050,1
PFE,file,conDim,0.053,1
PFE,month,conDim,0.045,1
PFE,world,conDim,0.038,1
PFE,cases,conDim,0.167,1
PFE,trials,conDim,1.000,1
PFE,inc,conDim,0.083,1
PFE,countries,conDim,0.333,1
PFE,use,conDim,0.111,1
PFE,vaccination,conDim,1.000,1
PFE,european,conDim,0.111,1
PFE,shot,conDim,1.000,1
PFE,second,conDim,0.111,1
PFE,minister,conDim,0.250,1
PFE,united,conDim,0.083,1
PFE,company,conDim,0.043,1
PFE,told,conDim,0.100,1
PFE,end,conDim,0.143,1
PFE,high,conDim,0.048,1
PFE,markets,conDim,0.059,1
PFE,approval,conDim,1.000,1
PFE,results,conDim,1.000,1
PFE,shots,conDim,1.000,1
PFE,stocks,conDim,0.045,1
PFE,get,conDim,0.033,1
PFE,emergency,conDim,1.000,1
PFE,risk,conDim,0.125,1
PFE,monday,conDim,0.500,1
PFE,time,conDim,0.031,1
PFE,disease,conDim,1.000,1
PFE,medical,conDim,1.000,1
PFE,market,conDim,0.036,1
PFE,weeks,conDim,0.500,1
PFE,virus,conDim,1.000,1
PFE,companies,conDim,0.059,1
PFE,investors,conDim,0.053,1
PFE,dollar,conDim,0.100,1
PFE,study,conDim,0.500,1
PFE,rose,conDim,0.083,1
PFE,infections,conDim,1.000,1
PFE,shares,conDim,0.059,1
PFE,stage,conDim,1.000,1
PFE,months,conDim,0.143,1
PFE,japan,conDim,0.333,1
PFE,days,conDim,0.091,1
PFE,still,conDim,0.043,1
PFE,start,conDim,0.200,1
PFE,stock,conDim,0.048,1
PFE,supply,conDim,0.250,1
PFE,president,conDim,0.053,1
PFE,well,conDim,0.053,1
PFE,top,conDim,0.048,1
PFE,population,conDim,1.000,1
PFE,spy,conDim,0.143,1
PFE,phase,conDim,1.000,1
PFE,including,conDim,0.100,1
PFE,drug,conDim,1.000,1
PFE,tuesday,conDim,0.200,1
PFE,oil,conDim,0.111,1
PFE,received,conDim,1.000,1
PFE,workers,conDim,0.333,1
PFE,developed,conDim,1.000,1
PFE,german,conDim,1.000,1
PFE,reported,conDim,1.000,1
PFE,group,conDim,0.056,1
PFE,public,conDim,0.200,1
PFE,state,conDim,0.083,1
PFE,gains,conDim,0.143,1
PFE,according,conDim,0.071,1
PFE,yield,conDim,0.333,1
PFE,record,conDim,0.111,1
PFE,south,conDim,1.000,1
PFE,like,conDim,0.034,1
PG,p&g,conDim,1.000,1
PG,pg,conDim,1.000,1
PG,procter and gamble co.,conDim,1.000,4
PG,proctergamble,conDim,1.000,1
PG,#proctergamble,conDim,1.000,1
PG,#procterandgamble #pg,conDim,1.000,2
PG,share,conDim,0.250,1
PG,amp,conDim,0.043,1
PG,destination,conDim,1.000,1
PG,wan,conDim,0.500,1
PG,ill,conDim,1.000,1
PG,son,conDim,1.000,1
PG,eat,conDim,1.000,1
PG,stand,conDim,1.000,1
PG,day,conDim,0.032,1
PG,gods,conDim,1.000,1
PG,gospel,conDim,1.000,1
PG,week,conDim,0.030,1
PG,great,conDim,0.250,1
PG,make,conDim,0.040,1
PG,trumps,conDim,1.000,1
PG,go,conDim,0.053,1
PG,mr,conDim,1.000,1
PG,gas,conDim,0.333,1
PG,like,conDim,0.034,1
PG,promise,conDim,1.000,1
PG,manufacturing,conDim,1.000,1
PG,centerpiece,conDim,1.000,1
PG,tampax,conDim,1.000,1
PG,power,conDim,0.100,1
PG,month,conDim,0.045,1
PG,el,conDim,1.000,1
PG,good,conDim,0.056,1
PG,demand,conDim,0.143,1
PG,photo,conDim,0.050,1
PG,exports,conDim,1.000,1
PG,total,conDim,0.333,1
PG,current,conDim,0.500,1
PG,remember,conDim,1.000,1
PG,todays,conDim,1.000,1
PG,time,conDim,0.031,1
PG,man,conDim,0.333,1
PG,get,conDim,0.033,1
PG,play,conDim,0.333,1
PG,last,conDim,0.033,1
PG,people,conDim,0.038,1
PG,today,conDim,0.056,1
PG,joke,conDim,1.000,1
PG,hub,conDim,1.000,1
PG,fire,conDim,0.500,1
PG,sarcasm,conDim,1.000,1
PG,first,conDim,0.037,1
PG,lyrics,conDim,1.000,1
PG,prices,conDim,0.111,1
PG,editorial,conDim,1.000,1
PG,love,conDim,0.167,1
PG,lh,conDim,1.000,1
PG,ideology,conDim,1.000,1
PG,products,conDim,1.000,1
PG,got,conDim,0.111,1
PG,see,conDim,0.040,1
PG,know,conDim,0.125,1
PG,fans,conDim,1.000,1
PG,company,conDim,0.043,1
PG,way,conDim,0.125,1
PG,special,conDim,1.000,1
PG,long,conDim,0.048,1
PG,black,conDim,0.250,1
PG,want,conDim,0.250,1
PG,days,conDim,0.091,1
PG,risk,conDim,0.125,1
PG,much,conDim,0.062,1
PG,trump,conDim,0.056,1
PG,average,conDim,0.091,1
PG,weather,conDim,1.000,1
PG,supply,conDim,0.250,1
PG,natural,conDim,1.000,1
PG,trip,conDim,1.000,1
PG,wednesday,conDim,0.500,1
PG,puts,conDim,1.000,1
PG,house,conDim,0.091,1
PG,appear,conDim,1.000,1
PG,introducing,conDim,1.000,1
PG,let,conDim,0.250,1
PG,plant,conDim,0.500,1
PG,latest,conDim,0.143,1
PG,back,conDim,0.043,1
PG,best,conDim,0.111,1
PG,years,conDim,0.050,1
PG,world,conDim,0.038,1
PG,boycott,conDim,1.000,1
PG,york,conDim,0.077,1
PG,say,conDim,0.100,1
PG,family,conDim,0.500,1
PG,atlantis,conDim,1.000,1
PG,part,conDim,0.143,1
PG,going,conDim,0.059,1
PG,look,conDim,0.143,1
PG,right,conDim,0.111,1
PG,states,conDim,0.067,1
SP500,sp 500,conDim,1.000,2
SP500,sp500,conDim,1.000,1
SP500,us sp 500 index,conDim,1.000,4
SP500,^gspc,conDim,1.000,1
SP500,spx,conDim,1.000,1
SP500,#sp500,conDim,1.000,1
SP500,#spx,conDim,1.000,1
SP500,sp,conDim,1.000,1
SP500,amp,conDim,0.043,1
SP500,stocks,conDim,0.045,1
SP500,market,conDim,0.036,1
SP500,stock,conDim,0.048,1
SP500,spy,conDim,0.143,1
SP500,futures,conDim,0.100,1
SP500,trading,conDim,0.053,1
SP500,flow,conDim,0.200,1
SP500,top,conDim,0.048,1
SP500,term,conDim,0.200,1
SP500,buy,conDim,0.077,1
SP500,today,conDim,0.056,1
SP500,day,conDim,0.032,1
SP500,week,conDim,0.030,1
SP500,pips,conDim,0.500,1
SP500,free,conDim,0.200,1
SP500,index,conDim,0.067,1
SP500,gold,conDim,0.100,1
SP500,sell,conDim,0.111,1
SP500,lego,conDim,1.000,1
SP500,chart,conDim,0.200,1
SP500,short,conDim,0.125,1
SP500,profit,conDim,0.200,1
SP500,markets,conDim,0.059,1
SP500,keep,conDim,0.500,1
SP500,like,conDim,0.034,1
SP500,join,conDim,0.200,1
SP500,set,conDim,0.500,1
SP500,signals,conDim,0.500,1
SP500,election,conDim,0.059,1
SP500,investment,conDim,0.125,1
SP500,release,conDim,1.000,1
SP500,inclusion,conDim,1.000,1
SP500,daily,conDim,0.200,1
SP500,trade,conDim,0.062,1
SP500,earnings,conDim,0.071,1
SP500,performance,conDim,1.000,1
SP500,see,conDim,0.040,1
SP500,points,conDim,0.071,1
SP500,long,conDim,0.048,1
SP500,target,conDim,0.500,1
SP500,price,conDim,0.056,1
SP500,tesla,conDim,0.500,1
SP500,levels,conDim,0.500,1
SP500,high,conDim,0.048,1
SP500,support,conDim,0.100,1
SP500,hit,conDim,0.167,1
SP500,uncertainty,conDim,1.000,1
SP500,watch,conDim,0.167,1
SP500,analysis,conDim,0.250,1
SP500,time,conDim,0.031,1
SP500,stimulus,conDim,0.125,1
SP500,still,conDim,0.043,1
SP500,future,conDim,0.167,1
SP500,teslas,conDim,1.000,1
SP500,check,conDim,0.250,1
SP500,back,conDim,0.043,1
SP500,animated,conDim,0.500,1
SP500,record,conDim,0.111,1
SP500,vs,conDim,0.333,1
SP500,es,conDim,0.500,1
SP500,low,conDim,0.125,1
SP500,lower,conDim,0.143,1
SP500,post,conDim,0.200,1
SP500,weekly,conDim,0.500,1
SP500,list,conDim,0.500,1
SP500,happening,conDim,0.500,1
SP500,dollars,conDim,1.000,1
SP500,oct,conDim,1.000,1
SP500,mini,conDim,0.500,1
SP500,correlation,conDim,1.000,1
SP500,good,conDim,0.056,1
SP500,billions,conDim,0.500,1
SP500,trump,conDim,0.056,1
SP500,flowing,conDim,1.000,1
SP500,date,conDim,0.500,1
SP500,average,conDim,0.091,1
SP500,bull,conDim,1.000,1
SP500,current,conDim,0.500,1
SP500,starting,conDim,1.000,1
SP500,right,conDim,0.111,1
SP500,deal,conDim,0.059,1
SP500,large,conDim,0.333,1
SP500,get,conDim,0.033,1
SP500,risk,conDim,0.125,1
SP500,close,conDim,0.250,1
SP500,investors,conDim,0.053,1
SP500,look,conDim,0.143,1
SP500,volatility,conDim,0.500,1
SP500,well,conDim,0.053,1
SP500,days,conDim,0.091,1
SP500,medium,conDim,1.000,1
TSLA,tesla,conDim,0.500,1
TSLA,tsla,conDim,1.000,1
TSLA,tesla inc.,conDim,1.000,2
TSLA,#tesla,conDim,1.000,1
TSLA,#tsla,conDim,1.000,1
TSLA,#elonmusk,conDim,1.000,1
TSLA,#teslamotors,conDim,1.000,1
TSLA,#teslamodel,conDim,1.000,1
TSLA,#teslamodels,conDim,1.000,1
TSLA,market,conDim,0.036,1
TSLA,car,conDim,0.500,1
TSLA,stock,conDim,0.048,1
TSLA,electric,conDim,0.333,1
TSLA,company,conDim,0.043,1
TSLA,shares,conDim,0.059,1
TSLA,week,conDim,0.030,1
TSLA,stocks,conDim,0.045,1
TSLA,investors,conDim,0.053,1
TSLA,last,conDim,0.033,1
TSLA,model,conDim,0.500,1
TSLA,battery,conDim,1.000,1
TSLA,musk,conDim,1.000,1
TSLA,cars,conDim,0.500,1
TSLA,years,conDim,0.050,1
TSLA,time,conDim,0.031,1
TSLA,high,conDim,0.048,1
TSLA,vehicles,conDim,0.333,1
TSLA,price,conDim,0.056,1
TSLA,investment,conDim,0.125,1
TSLA,inc,conDim,0.083,1
TSLA,like,conDim,0.034,1
TSLA,production,conDim,0.200,1
TSLA,driving,conDim,1.000,1
TSLA,china,conDim,0.167,1
TSLA,companies,conDim,0.059,1
TSLA,index,conDim,0.067,1
TSLA,first,conDim,0.037,1
TSLA,day,conDim,0.032,1
TSLA,vehicle,conDim,0.333,1
TSLA,record,conDim,0.111,1
TSLA,sales,conDim,0.143,1
TSLA,people,conDim,0.038,1
TSLA,month,conDim,0.045,1
TSLA,markets,conDim,0.059,1
TSLA,trading,conDim,0.053,1
TSLA,full,conDim,1.000,1
TSLA,chief,conDim,0.067,1
TSLA,think,conDim,0.100,1
TSLA,make,conDim,0.040,1
TSLA,file,conDim,0.053,1
TSLA,quarter,conDim,0.111,1
TSLA,data,conDim,0.043,1
TSLA,photo,conDim,0.050,1
TSLA,buy,conDim,0.077,1
TSLA,growth,conDim,0.100,1
TSLA,see,conDim,0.040,1
TSLA,world,conDim,0.038,1
TSLA,long,conDim,0.048,1
TSLA,self,conDim,1.000,1
TSLA,news,conDim,0.056,1
TSLA,rose,conDim,0.083,1
TSLA,value,conDim,0.500,1
TSLA,amp,conDim,0.043,1
TSLA,going,conDim,0.059,1
TSLA,spy,conDim,0.143,1
TSLA,energy,conDim,0.125,1
TSLA,technology,conDim,0.111,1
TSLA,revenue,conDim,0.167,1
TSLA,beta,conDim,1.000,1
TSLA,still,conDim,0.043,1
TSLA,dollar,conDim,0.100,1
TSLA,get,conDim,0.033,1
TSLA,earnings,conDim,0.071,1
TSLA,trade,conDim,0.062,1
TSLA,according,conDim,0.071,1
TSLA,test,conDim,0.500,1
TSLA,demand,conDim,0.143,1
TSLA,much,conDim,0.062,1
TSLA,today,conDim,0.056,1
TSLA,money,conDim,0.200,1
TSLA,even,conDim,0.059,1
TSLA,fund,conDim,1.000,1
TSLA,take,conDim,0.062,1
TSLA,short,conDim,0.125,1
TSLA,well,conDim,0.053,1
TSLA,sell,conDim,0.111,1
TSLA,major,conDim,0.200,1
TSLA,industry,conDim,0.167,1
TSLA,gains,conDim,0.143,1
TSLA,top,conDim,0.048,1
TSLA,analysts,conDim,0.167,1
TSLA,ev,conDim,0.500,1
TSLA,added,conDim,0.125,1
TSLA,profit,conDim,0.200,1
TSLA,asset,conDim,1.000,1
TSLA,says,conDim,0.100,1
TSLA,report,conDim,0.111,1
TSLA,batteries,conDim,1.000,1
TSLA,pandemic,conDim,0.045,1
TSLA,currency,conDim,1.000,1
TWTR,twitter,conDim,0.333,1
TWTR,twtr,conDim,1.000,1
TWTR,twitter inc.,conDim,1.000,2
TWTR,#twtr,conDim,1.000,1
TWTR,trump,conDim,0.056,1
TWTR,people,conDim,0.038,1
TWTR,president,conDim,0.053,1
TWTR,last,conDim,0.033,1
TWTR,government,conDim,0.067,1
TWTR,time,conDim,0.031,1
TWTR,like,conDim,0.034,1
TWTR,first,conDim,0.037,1
TWTR,election,conDim,0.059,1
TWTR,house,conDim,0.091,1
TWTR,media,conDim,0.125,1
TWTR,day,conDim,0.032,1
TWTR,week,conDim,0.030,1
TWTR,pandemic,conDim,0.045,1
TWTR,world,conDim,0.038,1
TWTR,company,conDim,0.043,1
TWTR,state,conDim,0.083,1
TWTR,photo,conDim,0.050,1
TWTR,minister,conDim,0.250,1
TWTR,police,conDim,0.500,1
TWTR,back,conDim,0.043,1
TWTR,news,conDim,0.056,1
TWTR,get,conDim,0.033,1
TWTR,social,conDim,0.200,1
TWTR,white,conDim,0.167,1
TWTR,told,conDim,0.100,1
TWTR,states,conDim,0.067,1
TWTR,file,conDim,0.053,1
TWTR,years,conDim,0.050,1
TWTR,united,conDim,0.083,1
TWTR,including,conDim,0.100,1
TWTR,companies,conDim,0.059,1
TWTR,even,conDim,0.059,1
TWTR,says,conDim,0.100,1
TWTR,still,conDim,0.043,1
TWTR,country,conDim,0.111,1
TWTR,group,conDim,0.056,1
TWTR,public,conDim,0.200,1
TWTR,according,conDim,0.071,1
TWTR,make,conDim,0.040,1
TWTR,former,conDim,0.167,1
TWTR,support,conDim,0.100,1
TWTR,image,conDim,0.500,1
TWTR,well,conDim,0.053,1
TWTR,republican,conDim,1.000,1
TWTR,health,conDim,0.250,1
TWTR,take,conDim,0.062,1
TWTR,say,conDim,0.100,1
TWTR,campaign,conDim,0.333,1
TWTR,positive,conDim,0.200,1
TWTR,going,conDim,0.059,1
TWTR,month,conDim,0.045,1
TWTR,much,conDim,0.062,1
TWTR,national,conDim,0.167,1
TWTR,market,conDim,0.036,1
TWTR,work,conDim,0.067,1
TWTR,days,conDim,0.091,1
TWTR,long,conDim,0.048,1
TWTR,home,conDim,0.125,1
TWTR,party,conDim,0.500,1
TWTR,chief,conDim,0.067,1
TWTR,way,conDim,0.125,1
TWTR,vaccine,conDim,0.111,1
TWTR,city,conDim,0.200,1
TWTR,second,conDim,0.111,1
TWTR,go,conDim,0.053,1
TWTR,business,conDim,0.067,1
TWTR,statement,conDim,0.333,1
TWTR,court,conDim,0.167,1
TWTR,help,conDim,0.083,1
TWTR,images,conDim,1.000,1
TWTR,cases,conDim,0.167,1
TWTR,months,conDim,0.143,1
TWTR,old,conDim,0.250,1
TWTR,york,conDim,0.077,1
TWTR,data,conDim,0.043,1
TWTR,team,conDim,0.143,1
TWTR,part,conDim,0.143,1
TWTR,prime,conDim,0.250,1
TWTR,see,conDim,0.040,1
TWTR,deal,conDim,0.059,1
TWTR,good,conDim,0.056,1
TWTR,top,conDim,0.048,1
TWTR,investors,conDim,0.053,1
TWTR,post,conDim,0.200,1
TWTR,end,conDim,0.143,1
TWTR,think,conDim,0.100,1
TWTR,right,conDim,0.111,1
TWTR,high,conDim,0.048,1
TWTR,law,conDim,0.250,1
TWTR,made,conDim,0.250,1
TWTR,need,conDim,0.100,1
TWTR,power,conDim,0.100,1
TWTR,saying,conDim,1.000,1
TWTR,video,conDim,0.167,1
TWTR,military,conDim,0.500,1
USDINDEX,usd index,conDim,1.000,2
USDINDEX,usdindex,conDim,1.000,1
USDINDEX,us dollar index,conDim,1.000,3
USDINDEX,dx-y.nyb,conDim,1.000,1
USDINDEX,#usdindex,conDim,1.000,1
USDINDEX,usdx,conDim,1.000,1
USDINDEX,today,conDim,0.056,1
USDINDEX,help,conDim,0.083,1
USDINDEX,local,conDim,1.000,1
USDINDEX,raised,conDim,0.500,1
USDINDEX,reach,conDim,0.333,1
USDINDEX,goal,conDim,0.500,1
USDINDEX,index,conDim,0.067,1
USDINDEX,price,conDim,0.056,1
USDINDEX,rub,conDim,1.000,1
USDINDEX,trading,conDim,0.053,1
USDINDEX,dollar,conDim,0.100,1
USDINDEX,market,conDim,0.036,1
USDINDEX,cad,conDim,1.000,1
USDINDEX,trade,conDim,0.062,1
USDINDEX,area,conDim,0.500,1
USDINDEX,members,conDim,1.000,1
USDINDEX,indices,conDim,0.333,1
USDINDEX,world,conDim,0.038,1
USDINDEX,waves,conDim,1.000,1
USDINDEX,showing,conDim,0.500,1
USDINDEX,minimum,conDim,1.000,1
USDINDEX,lows,conDim,0.500,1
USDINDEX,see,conDim,0.040,1
USDINDEX,week,conDim,0.030,1
USDINDEX,milestone,conDim,1.000,1
USDINDEX,close,conDim,0.250,1
USDINDEX,still,conDim,0.043,1
USDINDEX,shirt,conDim,0.500,1
USDINDEX,dynamic,conDim,1.000,1
USDINDEX,session,conDim,0.500,1
USDINDEX,vs,conDim,0.333,1
USDINDEX,short,conDim,0.125,1
USDINDEX,platinum,conDim,1.000,1
USDINDEX,get,conDim,0.033,1
USDINDEX,start,conDim,0.200,1
USDINDEX,dynamics,conDim,1.000,1
USDINDEX,good,conDim,0.056,1
USDINDEX,low,conDim,0.125,1
USDINDEX,instrument,conDim,1.000,1
USDINDEX,happening,conDim,0.500,1
USDINDEX,extreme,conDim,1.000,1
USDINDEX,like,conDim,0.034,1
USDINDEX,long,conDim,0.048,1
USDINDEX,amp,conDim,0.043,1
USDINDEX,time,conDim,0.031,1
USDINDEX,chart,conDim,0.200,1
USDINDEX,hour,conDim,0.500,1
USDINDEX,euro,conDim,0.500,1
USDINDEX,areas,conDim,1.000,1
USDINDEX,latest,conDim,0.143,1
USDINDEX,remain,conDim,1.000,1
USDINDEX,day,conDim,0.032,1
USDINDEX,range,conDim,0.500,1
USDINDEX,stocks,conDim,0.045,1
USDINDEX,yen,conDim,0.500,1
USDINDEX,explained,conDim,1.000,1
USDINDEX,weakness,conDim,1.000,1
USDINDEX,offer,conDim,0.500,1
USDINDEX,futures,conDim,0.100,1
USDINDEX,idea,conDim,1.000,1
USDINDEX,entry,conDim,1.000,1
USDINDEX,support,conDim,0.100,1
USDINDEX,bounce,conDim,1.000,1
USDINDEX,welcome,conDim,1.000,1
USDINDEX,negative,conDim,1.000,1
USDINDEX,morning,conDim,0.500,1
USDINDEX,side,conDim,0.500,1
USDINDEX,last,conDim,0.033,1
USDINDEX,right,conDim,0.111,1
USDINDEX,month,conDim,0.045,1
USDINDEX,token,conDim,0.500,1
USDINDEX,group,conDim,0.056,1
USDINDEX,scores,conDim,1.000,1
USDINDEX,bunker,conDim,1.000,1
USDINDEX,clear,conDim,1.000,1
USDINDEX,prices,conDim,0.111,1
USDINDEX,finals,conDim,1.000,1
USDINDEX,charity,conDim,1.000,1
USDINDEX,york,conDim,0.077,1
USDINDEX,whole,conDim,0.333,1
USDINDEX,fee,conDim,1.000,1
USDINDEX,donation,conDim,1.000,1
USDINDEX,main,conDim,0.500,1
USDINDEX,record,conDim,0.111,1
USDINDEX,move,conDim,0.250,1
USDINDEX,turkish,conDim,1.000,1
USDINDEX,daily,conDim,0.200,1
USDINDEX,setting,conDim,1.000,1
USDINDEX,stay,conDim,0.500,1
USDINDEX,lira,conDim,1.000,1
USDINDEX,consists,conDim,1.000,1
USDINDEX,traders,conDim,0.500,1
USDINDEX,funding,conDim,1.000,1
USDINDEX,remains,conDim,1.000,1
VIX,vix,conDim,1.000,1
VIX,volatility index,conDim,1.000,2
VIX,^vix,conDim,1.000,1
VIX,#vix,conDim,1.000,1
VIX,python,conDim,1.000,1
VIX,market,conDim,0.036,1
VIX,spy,conDim,0.143,1
VIX,week,conDim,0.030,1
VIX,volatility,conDim,0.500,1
VIX,time,conDim,0.031,1
VIX,like,conDim,0.034,1
VIX,amp,conDim,0.043,1
VIX,futures,conDim,0.100,1
VIX,election,conDim,0.059,1
VIX,get,conDim,0.033,1
VIX,stocks,conDim,0.045,1
VIX,life,conDim,0.333,1
VIX,ge,conDim,0.250,1
VIX,gold,conDim,0.100,1
VIX,index,conDim,0.067,1
VIX,day,conDim,0.032,1
VIX,stock,conDim,0.048,1
VIX,trading,conDim,0.053,1
VIX,people,conDim,0.038,1
VIX,today,conDim,0.056,1
VIX,good,conDim,0.056,1
VIX,open,conDim,0.167,1
VIX,markets,conDim,0.059,1
VIX,see,conDim,0.040,1
VIX,know,conDim,0.125,1
VIX,points,conDim,0.071,1
VIX,short,conDim,0.125,1
VIX,high,conDim,0.048,1
VIX,long,conDim,0.048,1
VIX,street,conDim,0.167,1
VIX,back,conDim,0.043,1
VIX,go,conDim,0.053,1
VIX,even,conDim,0.059,1
VIX,think,conDim,0.100,1
VIX,make,conDim,0.040,1
VIX,look,conDim,0.143,1
VIX,ba,conDim,0.250,1
VIX,dal,conDim,0.500,1
VIX,going,conDim,0.059,1
VIX,dia,conDim,1.000,1
VIX,move,conDim,0.250,1
VIX,last,conDim,0.033,1
VIX,much,conDim,0.062,1
VIX,level,conDim,0.333,1
VIX,still,conDim,0.043,1
VIX,right,conDim,0.111,1
VIX,buy,conDim,0.077,1
VIX,thing,conDim,1.000,1
VIX,want,conDim,0.250,1
VIX,lower,conDim,0.143,1
VIX,close,conDim,0.250,1
VIX,trump,conDim,0.056,1
VIX,well,conDim,0.053,1
VIX,world,conDim,0.038,1
VIX,love,conDim,0.167,1
VIX,investors,conDim,0.053,1
VIX,take,conDim,0.062,1
VIX,wall,conDim,0.333,1
VIX,say,conDim,0.100,1
VIX,chart,conDim,0.200,1
VIX,price,conDim,0.056,1
VIX,post,conDim,0.200,1
VIX,days,conDim,0.091,1
VIX,put,conDim,0.500,1
VIX,point,conDim,1.000,1
VIX,risk,conDim,0.125,1
VIX,options,conDim,1.000,1
VIX,sell,conDim,0.111,1
VIX,little,conDim,1.000,1
VIX,tues,conDim,1.000,1
VIX,stimulus,conDim,0.125,1
VIX,term,conDim,0.200,1
VIX,live,conDim,0.111,1
VIX,things,conDim,1.000,1
VIX,silver,conDim,0.200,1
VIX,drop,conDim,0.500,1
VIX,month,conDim,0.045,1
VIX,watch,conDim,0.167,1
VIX,start,conDim,0.200,1
VIX,better,conDim,0.250,1
VIX,change,conDim,0.333,1
VIX,trade,conDim,0.062,1
VIX,months,conDim,0.143,1
VIX,earnings,conDim,0.071,1
VIX,money,conDim,0.200,1
VIX,keep,conDim,0.500,1
VIX,trying,conDim,0.500,1
VIX,says,conDim,0.100,1
VIX,first,conDim,0.037,1
VIX,breaking,conDim,1.000,1
VIX,data,conDim,0.043,1
VIX,video,conDim,0.167,1
VIX,let,conDim,0.250,1
VIX,takes,conDim,1.000,1
VIX,lot,conDim,0.500,1
V,visa,conDim,1.000,1
V,v,conDim,1.000,1
V,visa inc.,conDim,1.000,2
V,#visa,conDim,1.000,1
V,league,conDim,0.500,1
V,last,conDim,0.033,1
V,first,conDim,0.037,1
V,ban,conDim,1.000,1
V,game,conDim,0.250,1
V,player,conDim,0.500,1
V,time,conDim,0.031,1
V,united,conDim,0.083,1
V,players,conDim,0.500,1
V,back,conDim,0.043,1
V,premier,conDim,1.000,1
V,number,conDim,0.333,1
V,team,conDim,0.143,1
V,match,conDim,1.000,1
V,season,conDim,0.500,1
V,get,conDim,0.033,1
V,play,conDim,0.333,1
V,second,conDim,0.111,1
V,games,conDim,1.000,1
V,football,conDim,0.500,1
V,average,conDim,0.091,1
V,win,conDim,0.200,1
V,side,conDim,0.500,1
V,club,conDim,1.000,1
V,name,conDim,0.333,1
V,city,conDim,0.200,1
V,people,conDim,0.038,1
V,final,conDim,0.500,1
V,world,conDim,0.038,1
V,home,conDim,0.125,1
V,rating,conDim,1.000,1
V,reach,conDim,0.333,1
V,like,conDim,0.034,1
V,photo,conDim,0.050,1
V,nothing,conDim,1.000,1
V,file,conDim,0.053,1
V,week,conDim,0.030,1
V,top,conDim,0.048,1
V,nations,conDim,0.500,1
V,cup,conDim,1.000,1
V,vaccine,conDim,0.111,1
V,international,conDim,0.500,1
V,group,conDim,0.056,1
V,half,conDim,0.500,1
V,day,conDim,0.032,1
V,going,conDim,0.059,1
V,pain,conDim,1.000,1
V,goal,conDim,0.500,1
V,old,conDim,0.250,1
V,good,conDim,0.056,1
V,told,conDim,0.100,1
V,well,conDim,0.053,1
V,take,conDim,0.062,1
V,squad,conDim,1.000,1
V,champions,conDim,1.000,1
V,start,conDim,0.200,1
V,coach,conDim,1.000,1
V,years,conDim,0.050,1
V,go,conDim,0.053,1
V,make,conDim,0.040,1
V,points,conDim,0.071,1
V,soccer,conDim,1.000,1
V,got,conDim,0.111,1
V,place,conDim,1.000,1
V,test,conDim,0.500,1
V,manager,conDim,1.000,1
V,goals,conDim,1.000,1
V,even,conDim,0.059,1
V,wales,conDim,1.000,1
V,think,conDim,0.100,1
V,still,conDim,0.043,1
V,matches,conDim,1.000,1
V,way,conDim,0.125,1
V,positive,conDim,0.200,1
V,rugby,conDim,1.000,1
V,live,conDim,0.111,1
V,best,conDim,0.111,1
V,made,conDim,0.250,1
V,court,conDim,0.167,1
V,month,conDim,0.045,1
V,right,conDim,0.111,1
V,work,conDim,0.067,1
V,long,conDim,0.048,1
V,october,conDim,1.000,1
V,third,conDim,0.200,1
V,see,conDim,0.040,1
V,pandemic,conDim,0.045,1
V,much,conDim,0.062,1
V,west,conDim,0.500,1
V,end,conDim,0.143,1
V,need,conDim,0.100,1
V,open,conDim,0.167,1
V,added,conDim,0.125,1
V,left,conDim,1.000,1
V,country,conDim,0.111,1
V,looking,conDim,0.250,1
WTI,wti crude oil,conDim,1.000,3
WTI,wti,conDim,1.000,1
WTI,wti vs usd,conDim,1.000,3
WTI,cl=f,conDim,1.000,1
WTI,crude,conDim,0.250,1
WTI,#wti,conDim,1.000,1
WTI,#crude,conDim,1.000,1
WTI,#crudeoil,conDim,1.000,1
WTI,#petroleum,conDim,1.000,1
WTI,oil,conDim,0.111,1
WTI,futures,conDim,0.100,1
WTI,week,conDim,0.030,1
WTI,prices,conDim,0.111,1
WTI,brent,conDim,0.500,1
WTI,fell,conDim,0.100,1
WTI,barrel,conDim,0.333,1
WTI,market,conDim,0.036,1
WTI,barrels,conDim,1.000,1
WTI,rose,conDim,0.083,1
WTI,energy,conDim,0.125,1
WTI,gold,conDim,0.100,1
WTI,last,conDim,0.033,1
WTI,price,conDim,0.056,1
WTI,day,conDim,0.032,1
WTI,index,conDim,0.067,1
WTI,demand,conDim,0.143,1
WTI,long,conDim,0.048,1
WTI,production,conDim,0.200,1
WTI,output,conDim,1.000,1
WTI,dollar,conDim,0.100,1
WTI,york,conDim,0.077,1
WTI,trading,conDim,0.053,1
WTI,stocks,conDim,0.045,1
WTI,month,conDim,0.045,1
WTI,markets,conDim,0.059,1
WTI,recovery,conDim,0.167,1
WTI,photo,conDim,0.050,1
WTI,file,conDim,0.053,1
WTI,high,conDim,0.048,1
WTI,cents,conDim,0.500,1
WTI,love,conDim,0.167,1
WTI,short,conDim,0.125,1
WTI,investors,conDim,0.053,1
WTI,shares,conDim,0.059,1
WTI,supply,conDim,0.250,1
WTI,data,conDim,0.043,1
WTI,points,conDim,0.071,1
WTI,european,conDim,0.111,1
WTI,west,conDim,0.500,1
WTI,hit,conDim,0.167,1
WTI,stimulus,conDim,0.125,1
WTI,amp,conDim,0.043,1
WTI,intermediate,conDim,1.000,1
WTI,stock,conDim,0.048,1
WTI,positions,conDim,1.000,1
WTI,cases,conDim,0.167,1
WTI,petroleum,conDim,0.500,1
WTI,low,conDim,0.125,1
WTI,world,conDim,0.038,1
WTI,opec,conDim,1.000,1
WTI,back,conDim,0.043,1
WTI,due,conDim,0.333,1
WTI,gas,conDim,0.333,1
WTI,funds,conDim,1.000,1
WTI,today,conDim,0.056,1
WTI,gasoline,conDim,1.000,1
WTI,deal,conDim,0.059,1
WTI,lower,conDim,0.143,1
WTI,hedge,conDim,1.000,1
WTI,rise,conDim,1.000,1
WTI,trump,conDim,0.056,1
WTI,weeks,conDim,0.500,1
WTI,settled,conDim,0.500,1
WTI,time,conDim,0.031,1
WTI,net,conDim,1.000,1
WTI,gained,conDim,0.200,1
WTI,second,conDim,0.111,1
WTI,package,conDim,0.167,1
WTI,gains,conDim,0.143,1
WTI,pandemic,conDim,0.045,1
WTI,rising,conDim,0.250,1
WTI,yen,conDim,0.500,1
WTI,average,conDim,0.091,1
WTI,cuts,conDim,0.500,1
WTI,inventories,conDim,1.000,1
WTI,states,conDim,0.067,1
WTI,concerns,conDim,0.500,1
WTI,first,conDim,0.037,1
WTI,analysts,conDim,0.167,1
WTI,expectations,conDim,0.333,1
WTI,countries,conDim,0.333,1
WTI,president,conDim,0.053,1
WTI,election,conDim,0.059,1
WTI,benchmark,conDim,0.500,1
WTI,yields,conDim,0.200,1
WTI,trade,conDim,0.062,1
WTI,treasury,conDim,0.200,1
WTI,news,conDim,0.056,1
WTI,house,conDim,0.091,1
WTI,managers,conDim,1.000,1
